T_K,T_C,product,product_name,oxide,reaction,GM_system_product,stable_phases,ternary_phase_found,GM_ternary_phase,G_Cu_metal,G_O2,dG_rxn_system_J,dG_rxn_system_kJ,notes
800,526.85,CuFe2O4,copper ferrite spinel,FeO,Cu + 2FeO + O2 -> CuFe2O4,-162100.4647814551,CUO#1; GAS#1; SPINEL#1,SPINEL#1,-162103.1197183228,-33912.572992159054,-172813.30445913016,-271031.87479102425,-271.0318747910243,
825,551.85,CuFe2O4,copper ferrite spinel,FeO,Cu + 2FeO + O2 -> CuFe2O4,-163305.18095139117,CUO#1; GAS#1; SPINEL#1,SPINEL#1,-163309.0607140216,-35395.607383403396,-178721.68953887446,-267093.28845043934,-267.09328845043933,
850,576.85,CuFe2O4,copper ferrite spinel,FeO,Cu + 2FeO + O2 -> CuFe2O4,-164531.67607179517,CUO#1; GAS#1; SPINEL#1,SPINEL#1,-164537.2634709534,-36899.715722671725,-184655.7645699373,-262714.1421186505,-262.7141421186505,
875,601.85,CuFe2O4,copper ferrite spinel,FeO,Cu + 2FeO + O2 -> CuFe2O4,-165779.36469116583,CUO#1; GAS#1; SPINEL#1,SPINEL#1,-165787.29996219868,-38424.35858530019,-190614.89178587476,-258167.52542851085,-258.1675254285108,
900,626.85,CuFe2O4,copper ferrite spinel,FeO,Cu + 2FeO + O2 -> CuFe2O4,-167047.69629780907,CUO#1; GAS#1; SPINEL#1,SPINEL#1,-167058.81578977132,-39969.02623895592,-196598.46464191502,-253638.98177118867,-253.63898177118867,
925,651.85,CuFe2O4,copper ferrite spinel,FeO,Cu + 2FeO + O2 -> CuFe2O4,-168336.15261211505,CUO#1; GAS#1; SPINEL#1,SPINEL#1,-168351.5326179343,-41533.23626680579,-202605.90531063377,-249127.84751813952,-249.12784751813953,
950,676.85,CuFe2O4,copper ferrite spinel,FeO,Cu + 2FeO + O2 -> CuFe2O4,-169644.24533357978,CUO#1; GAS#1; SPINEL#1,SPINEL#1,-169665.2505084478,-43116.53145504323,-208636.66243571485,-244633.46308515663,-244.63346308515662,
975,701.85,CuFe2O4,copper ferrite spinel,FeO,Cu + 2FeO + O2 -> CuFe2O4,-170971.51425143972,CUO#1; GAS#1; SPINEL#1,SPINEL#1,-170999.84973709166,-44718.47791456392,-214690.20911176843,-240155.27329736855,-240.15527329736855,
1000,726.85,CuFe2O4,copper ferrite spinel,FeO,Cu + 2FeO + O2 -> CuFe2O4,-172317.52563958283,CUO#1; GAS#1; SPINEL#1,SPINEL#1,-172355.29168927786,-46338.66341131481,-220766.04114120515,-235692.70566542842,-235.69270566542843,
1025,751.85,CuFe2O4,copper ferrite spinel,FeO,Cu + 2FeO + O2 -> CuFe2O4,-173681.8708660075,CUO#1; GAS#1; SPINEL#1,SPINEL#1,-173731.61846554503,-47976.695883677894,-226863.6755149924,-231245.17702201928,-231.24517702201928,
1050,776.85,CuFe2O4,copper ferrite spinel,FeO,Cu + 2FeO + O2 -> CuFe2O4,-175064.16515507363,CUO#1; GAS#1; SPINEL#1,SPINEL#1,-175128.95087256038,-49632.20212835616,-232982.6508510953,-226812.178289979,-226.812178289979,
1075,801.85,CuFe2O4,copper ferrite spinel,FeO,Cu + 2FeO + O2 -> CuFe2O4,-176464.0464478733,CUO#1; GAS#1; SPINEL#1,SPINEL#1,-176547.4845151113,-51304.826638688035,-239122.52479410844,-222393.71636134153,-222.39371636134155,
1100,826.85,CuFe2O4,copper ferrite spinel,FeO,Cu + 2FeO + O2 -> CuFe2O4,-177881.17431292636,CUO#1; GAS#1; SPINEL#1,SPINEL#1,-177987.4837585007,-52994.23058128006,-245282.87268568174,-217989.72302961745,-217.98972302961747,
1125,851.85,CuFe2O4,copper ferrite spinel,FeO,Cu + 2FeO + O2 -> CuFe2O4,-179315.2288659363,CUO#1; GAS#1; SPINEL#1,SPINEL#1,-179449.27337363345,-54700.09089837695,-251463.28663008843,-213600.06174129597,-213.60006174129597,
1150,876.85,CuFe2O4,copper ferrite spinel,FeO,Cu + 2FeO + O2 -> CuFe2O4,-180765.90966371616,CUO#1; GAS#1; SPINEL#1,SPINEL#1,-180933.22772106796,-56422.09952457435,-257663.3746140724,-209224.60609215382,-209.2246060921538,
1175,901.85,CuFe2O4,copper ferrite spinel,FeO,Cu + 2FeO + O2 -> CuFe2O4,-182232.93454383645,CUO#1; GAS#1; SPINEL#1,SPINEL#1,-182439.75737820056,-58159.96270739576,-263882.75967895094,-204862.74156985106,-204.86274156985107,
1200,926.85,CuFe2O4,copper ferrite spinel,FeO,Cu + 2FeO + O2 -> CuFe2O4,-183716.0383880882,CUO#1; GAS#1; SPINEL#1,SPINEL#1,-183969.2931740159,-59913.400421959326,-270121.07914274716,-200513.52696056827,-200.51352696056827,
1225,951.85,CuFe2O4,copper ferrite spinel,FeO,Cu + 2FeO + O2 -> CuFe2O4,-185214.97179469,CUO#1; GAS#1; SPINEL#1,SPINEL#1,-185522.2676804875,-61682.145870512795,-276377.98387004976,-196178.61868569674,-196.17861868569673,
1250,976.85,CuFe2O4,copper ferrite spinel,FeO,Cu + 2FeO + O2 -> CuFe2O4,-186729.49965165314,CUO#1; GAS#1; SPINEL#1,SPINEL#1,-187099.09433288578,-63465.94505805945,-282653.13758733065,-191857.94243765925,-191.85794243765926,
1275,1001.85,CuFe2O4,copper ferrite spinel,FeO,Cu + 2FeO + O2 -> CuFe2O4,-188259.39961200205,CUO#1; GAS#1; SPINEL#1,SPINEL#1,-188700.14452611117,-65264.54417152417,-288946.21624154574,-187551.46156612667,-187.55146156612668,
1300,1026.85,CuFe2O4,copper ferrite spinel,FeO,Cu + 2FeO + O2 -> CuFe2O4,-189804.46048085697,CUO#1; GAS#1; SPINEL#1,SPINEL#1,-190325.7232691652,-67077.64455849766,-295256.90740000026,-183259.2137216339,-183.2592137216339,
1325,1051.85,CuFe2O4,copper ferrite spinel,FeO,Cu + 2FeO + O2 -> CuFe2O4,-191364.48053478426,CUO#1; GAS#1; SPINEL#1,SPINEL#1,-191976.0442731581,-68905.00073198564,-301584.90968965547,-178981.20378147555,-178.98120378147556,
1350,1076.85,CuFe2O4,copper ferrite spinel,FeO,Cu + 2FeO + O2 -> CuFe2O4,-192939.26580491473,CUO#1; GAS#1; SPINEL#1,SPINEL#1,-193651.20568066667,-70746.38367789735,-307929.9322742684,-174717.4310201225,-174.7174310201225,
1375,1101.85,CuFe2O4,copper ferrite spinel,FeO,Cu + 2FeO + O2 -> CuFe2O4,-194537.95034907662,GAS#1; IONIC_LIQ#2; SPINEL#1,SPINEL#1,-195530.54179697164,-72772.06948795723,-314291.69436800526,-170362.64469213365,-170.36264469213364,
1400,1126.85,CuFe2O4,copper ferrite spinel,FeO,Cu + 2FeO + O2 -> CuFe2O4,-196159.74749030202,GAS#1; IONIC_LIQ#2; SPINEL#1,SPINEL#1,-197585.6489223277,-74885.75572616636,-320669.92478441016,-166008.68846614822,-166.00868846614821,
1425,1151.85,CuFe2O4,copper ferrite spinel,FeO,Cu + 2FeO + O2 -> CuFe2O4,-197805.38872744315,GAS#1; IONIC_LIQ#2; SPINEL#1,SPINEL#1,-199810.44327456903,-77013.45059169814,-327064.36151987896,-161735.6856354461,-161.73568563544612,
1450,1176.85,CuFe2O4,copper ferrite spinel,FeO,Cu + 2FeO + O2 -> CuFe2O4,-199477.68915743323,GAS#1; IONIC_LIQ#2; SPINEL#1,SPINEL#1,-202219.42484726358,-79154.90829742474,-333474.75137103954,-157564.5635551985,-157.56456355519848,
1475,1201.85,CuFe2O4,copper ferrite spinel,FeO,Cu + 2FeO + O2 -> CuFe2O4,-201179.38536314556,GAS#1; IONIC_LIQ#2; SPINEL#1,SPINEL#1,-204798.1324978704,-81309.89153286346,-339900.8495856955,-153515.65810302505,-153.51565810302506,
1500,1226.85,CuFe2O4,copper ferrite spinel,FeO,Cu + 2FeO + O2 -> CuFe2O4,-202912.61303856652,GAS#1; IONIC_LIQ#2; SPINEL#1,SPINEL#1,-207499.80046531555,-83478.17103307633,-346342.4195472346,-149605.05906974454,-149.60505906974456,
1525,1251.85,CuFe2O4,copper ferrite spinel,FeO,Cu + 2FeO + O2 -> CuFe2O4,-204678.65634846425,GAS#1; IONIC_LIQ#2; SPINEL#1,SPINEL#1,-210264.39630765351,-85659.52517631663,-352799.2324926415,-145842.85754493787,-145.84285754493786,
1550,1276.85,CuFe2O4,copper ferrite spinel,FeO,Cu + 2FeO + O2 -> CuFe2O4,-206478.19573566693,GAS#1; IONIC_LIQ#2; SPINEL#1,SPINEL#1,-213044.49140059802,-87853.73960806547,-359271.06726446614,-142234.88229793054,-142.23488229793054,
1575,1301.85,CuFe2O4,copper ferrite spinel,FeO,Cu + 2FeO + O2 -> CuFe2O4,-208311.85637515603,GAS#1; IONIC_LIQ#2; SPINEL#1,SPINEL#1,-215815.84253638858,-90060.60688932937,-365757.7100973009,-138786.54055648646,-138.78654055648647,
1600,1326.85,CuFe2O4,copper ferrite spinel,FeO,Cu + 2FeO + O2 -> CuFe2O4,-210180.75055691897,GAS#1; IONIC_LIQ#2; SPINEL#1,SPINEL#1,-218573.070040993,-92279.92616727331,-372258.95443950023,-135506.61616360978,-135.50661616360978,
1625,1351.85,CuFe2O4,copper ferrite spinel,FeO,Cu + 2FeO + O2 -> CuFe2O4,-212086.92531436644,GAS#1; IONIC_LIQ#2; SPINEL#1,SPINEL#1,-221321.8395886987,-94511.50286644344,-378774.60081102635,-132410.4043361058,-132.4104043361058,
1650,1376.85,CuFe2O4,copper ferrite spinel,FeO,Cu + 2FeO + O2 -> CuFe2O4,-214033.8048883635,GAS#1; IONIC_LIQ#2; SPINEL#1,SPINEL#1,-224073.47574808562,-96755.14839899541,-385304.45669843507,-129293.44387955638,-129.29344387955638,
1675,1401.85,CuFe2O4,copper ferrite spinel,FeO,Cu + 2FeO + O2 -> CuFe2O4,-216026.81022844635,GAS#1; IONIC_LIQ#2; SPINEL#1,SPINEL#1,-226842.31290020215,-99010.67989248801,-391848.33648811927,-125643.58191106725,-125.64358191106724,
1700,1426.85,CuFe2O4,copper ferrite spinel,FeO,Cu + 2FeO + O2 -> CuFe2O4,-218074.3954513268,GAS#1; IONIC_LIQ#2; SPINEL#1,SPINEL#1,-229645.0802664577,-101277.91993393125,-398406.06143899396,-122290.4987869768,-122.2904987869768,
1725,1451.85,CuFe2O4,copper ferrite spinel,FeO,Cu + 2FeO + O2 -> CuFe2O4,-220190.03352827168,GAS#1; IONIC_LIQ#2; SPINEL#1,SPINEL#1,-232501.58039782805,-103556.69632889348,-404977.4596958644,-119330.28236289066,-119.33028236289066,
1750,1476.85,CuFe2O4,copper ferrite spinel,FeO,Cu + 2FeO + O2 -> CuFe2O4,-222375.51974312338,GAS#1; IONIC_LIQ#2,,,-105846.8418745748,-411562.36634471465,-116776.72267132695,-116.77672267132695,
1775,1501.85,CuFe2O4,copper ferrite spinel,FeO,Cu + 2FeO + O2 -> CuFe2O4,-224583.87721820743,GAS#1; IONIC_LIQ#2,,,-108148.19414585167,-418160.6235111601,-114302.154970214,-114.302154970214,
1800,1526.85,CuFe2O4,copper ferrite spinel,FeO,Cu + 2FeO + O2 -> CuFe2O4,-226811.19118239352,GAS#1; IONIC_LIQ#2,,,-110460.5952933756,-424772.08050325216,-111880.30160552566,-111.88030160552566,
1825,1551.85,CuFe2O4,copper ferrite spinel,FeO,Cu + 2FeO + O2 -> CuFe2O4,-229057.33090722264,GAS#1; IONIC_LIQ#2,,,-112783.89185289193,-431396.5939997618,-109503.03242884576,-109.50303242884576,
1850,1576.85,CuFe2O4,copper ferrite spinel,FeO,Cu + 2FeO + O2 -> CuFe2O4,-231322.1583674368,GAS#1; IONIC_LIQ#2,,,-115117.93456500792,-438034.02828497055,-107179.27501434181,-107.17927501434181,
1875,1601.85,CuFe2O4,copper ferrite spinel,FeO,Cu + 2FeO + O2 -> CuFe2O4,-233605.52873492416,GAS#1; IONIC_LIQ#2,,,-117462.5782047046,-444684.2555308836,-104909.55069349147,-104.90955069349147,
1900,1626.85,CuFe2O4,copper ferrite spinel,FeO,Cu + 2FeO + O2 -> CuFe2O4,-235907.2908840902,GAS#1; IONIC_LIQ#2,,,-119817.68141994256,-451347.15612763376,-102693.78160813451,-102.69378160813451,
800,526.85,Cu3V2O8,copper orthovanadate,V2O5,3Cu + V2O5 + 1.5 O2 -> Cu3V2O8,-177465.02152399407,CUO#1; V2O5#1,,,-33912.572992159054,-172813.30445913016,-249135.06864435878,-249.13506864435877,
825,551.85,Cu3V2O8,copper orthovanadate,V2O5,3Cu + V2O5 + 1.5 O2 -> Cu3V2O8,-178538.67127873888,CUO#1; V2O5#1,,,-35395.607383403396,-178721.68953887446,-242720.20217725658,-242.72020217725657,
850,576.85,Cu3V2O8,copper orthovanadate,V2O5,3Cu + V2O5 + 1.5 O2 -> Cu3V2O8,-179631.80176012206,CUO#1; V2O5#1,,,-36899.715722671725,-184655.7645699373,-236325.43743412476,-236.32543743412475,
875,601.85,Cu3V2O8,copper orthovanadate,V2O5,3Cu + V2O5 + 1.5 O2 -> Cu3V2O8,-180743.9937666907,CUO#1; V2O5#1,,,-38424.35858530019,-190614.89178587476,-229950.29413316073,-229.95029413316072,
900,626.85,Cu3V2O8,copper orthovanadate,V2O5,3Cu + V2O5 + 1.5 O2 -> Cu3V2O8,-181874.85613112507,CUO#1; V2O5#1,,,-39969.02623895592,-196598.46464191502,-223594.31871394534,-223.59431871394534,
925,651.85,Cu3V2O8,copper orthovanadate,V2O5,3Cu + V2O5 + 1.5 O2 -> Cu3V2O8,-183024.02364654717,CUO#1; V2O5#1,,,-41533.23626680579,-202605.90531063377,-217257.08294994198,-217.25708294994197,
950,676.85,Cu3V2O8,copper orthovanadate,V2O5,3Cu + V2O5 + 1.5 O2 -> Cu3V2O8,-184191.15518292133,CUO#1; V2O5#1,,,-43116.53145504323,-208636.66243571485,-210938.18254172103,-210.93818254172103,
975,701.85,Cu3V2O8,copper orthovanadate,V2O5,3Cu + V2O5 + 1.5 O2 -> Cu3V2O8,-185508.85301201354,CUO#1; GAS#1; IONIC_LIQ#2,,,-44718.47791456392,-214690.20911176843,-204869.11772080045,-204.86911772080046,
1000,726.85,Cu3V2O8,copper orthovanadate,V2O5,3Cu + V2O5 + 1.5 O2 -> Cu3V2O8,-186849.12683010893,CUO#1; GAS#1; IONIC_LIQ#2,,,-46338.66341131481,-220766.04114120515,-198677.68509508763,-198.6776850950876,
1025,751.85,Cu3V2O8,copper orthovanadate,V2O5,3Cu + V2O5 + 1.5 O2 -> Cu3V2O8,-188209.23206868776,CUO#1; GAS#1; IONIC_LIQ#2,,,-47976.695883677894,-226863.6755149924,-192532.53351091733,-192.53253351091732,
1050,776.85,Cu3V2O8,copper orthovanadate,V2O5,3Cu + V2O5 + 1.5 O2 -> Cu3V2O8,-189589.54800583984,CUO#1; GAS#1; IONIC_LIQ#2,,,-49632.20212835616,-232982.6508510953,,,No binary oxide reference
1075,801.85,Cu3V2O8,copper orthovanadate,V2O5,3Cu + V2O5 + 1.5 O2 -> Cu3V2O8,-190990.71713258326,CUO#1; GAS#1; IONIC_LIQ#2,,,-51304.826638688035,-239122.52479410844,-180416.96805651067,-180.41696805651065,
1100,826.85,Cu3V2O8,copper orthovanadate,V2O5,3Cu + V2O5 + 1.5 O2 -> Cu3V2O8,-192413.74967875917,CUO#1; GAS#1; IONIC_LIQ#2,,,-52994.23058128006,-245282.87268568174,-174473.40166586218,-174.47340166586218,
1125,851.85,Cu3V2O8,copper orthovanadate,V2O5,3Cu + V2O5 + 1.5 O2 -> Cu3V2O8,-193860.18264317384,CUO#1; GAS#1; IONIC_LIQ#2,,,-54700.09089837695,-251463.28663008843,-168633.26076455228,-168.6332607645523,
1150,876.85,Cu3V2O8,copper orthovanadate,V2O5,3Cu + V2O5 + 1.5 O2 -> Cu3V2O8,-195332.32554484592,CUO#1; GAS#1; IONIC_LIQ#2,,,-56422.09952457435,-257663.3746140724,-162928.2933069137,-162.9282933069137,
1175,901.85,Cu3V2O8,copper orthovanadate,V2O5,3Cu + V2O5 + 1.5 O2 -> Cu3V2O8,-196833.6505941284,CUO#1; GAS#1; IONIC_LIQ#2,,,-58159.96270739576,-263882.75967895094,-157405.0092434641,-157.4050092434641,
1200,926.85,Cu3V2O8,copper orthovanadate,V2O5,3Cu + V2O5 + 1.5 O2 -> Cu3V2O8,-198369.43814111475,CUO#1; GAS#1; IONIC_LIQ#2,,,-59913.400421959326,-270121.07914274716,-152133.09294552775,-152.13309294552775,
1225,951.85,Cu3V2O8,copper orthovanadate,V2O5,3Cu + V2O5 + 1.5 O2 -> Cu3V2O8,-199947.90771967062,CUO#1; GAS#1; IONIC_LIQ#2,,,-61682.145870512795,-276377.98387004976,,,No binary oxide reference
1250,976.85,Cu3V2O8,copper orthovanadate,V2O5,3Cu + V2O5 + 1.5 O2 -> Cu3V2O8,-201582.35948940035,CUO#1; GAS#1; IONIC_LIQ#2,,,-63465.94505805945,-282653.13758733065,-142839.4846807262,-142.8394846807262,
1275,1001.85,Cu3V2O8,copper orthovanadate,V2O5,3Cu + V2O5 + 1.5 O2 -> Cu3V2O8,-203295.6737095305,CUO#1; GAS#1; IONIC_LIQ#2,,,-65264.54417152417,-288946.21624154574,,,No binary oxide reference
1300,1026.85,Cu3V2O8,copper orthovanadate,V2O5,3Cu + V2O5 + 1.5 O2 -> Cu3V2O8,-205131.26688890107,CUO#1; GAS#1; IONIC_LIQ#2,,,-67077.64455849766,-295256.90740000026,,,No binary oxide reference
1325,1051.85,Cu3V2O8,copper orthovanadate,V2O5,3Cu + V2O5 + 1.5 O2 -> Cu3V2O8,-207089.11704599,GAS#1; IONIC_LIQ#2,,,-68905.00073198564,-301584.90968965547,,,No binary oxide reference
1350,1076.85,Cu3V2O8,copper orthovanadate,V2O5,3Cu + V2O5 + 1.5 O2 -> Cu3V2O8,-209064.48551546616,GAS#1; IONIC_LIQ#2,,,-70746.38367789735,-307929.9322742684,-135641.75117278984,-135.64175117278984,
1375,1101.85,Cu3V2O8,copper orthovanadate,V2O5,3Cu + V2O5 + 1.5 O2 -> Cu3V2O8,-211054.89106219943,GAS#1; IONIC_LIQ#2,,,-72772.06948795723,-314291.69436800526,-134400.79948276188,-134.40079948276187,
1400,1126.85,Cu3V2O8,copper orthovanadate,V2O5,3Cu + V2O5 + 1.5 O2 -> Cu3V2O8,-213060.34353093867,GAS#1; IONIC_LIQ#2,,,-74885.75572616636,-320669.92478441016,-132936.27716976823,-132.93627716976823,
1425,1151.85,Cu3V2O8,copper orthovanadate,V2O5,3Cu + V2O5 + 1.5 O2 -> Cu3V2O8,-215080.85293912658,GAS#1; IONIC_LIQ#2,,,-77013.45059169814,-327064.36151987896,-131469.34051141515,-131.46934051141514,
1450,1176.85,Cu3V2O8,copper orthovanadate,V2O5,3Cu + V2O5 + 1.5 O2 -> Cu3V2O8,-217116.4261038372,GAS#1; IONIC_LIQ#2,,,-79154.90829742474,-333474.75137103954,-129999.93903748784,-129.99993903748785,
1475,1201.85,Cu3V2O8,copper orthovanadate,V2O5,3Cu + V2O5 + 1.5 O2 -> Cu3V2O8,-219167.06380822498,GAS#1; IONIC_LIQ#2,,,-81309.89153286346,-339900.8495856955,-128528.02708463045,-128.52802708463045,
1500,1226.85,Cu3V2O8,copper orthovanadate,V2O5,3Cu + V2O5 + 1.5 O2 -> Cu3V2O8,-221232.7580273819,GAS#1; IONIC_LIQ#2,,,-83478.17103307633,-346342.4195472346,-127053.5638199416,-127.0535638199416,
1525,1251.85,Cu3V2O8,copper orthovanadate,V2O5,3Cu + V2O5 + 1.5 O2 -> Cu3V2O8,-223313.48955977455,GAS#1; IONIC_LIQ#2,,,-85659.52517631663,-352799.2324926415,-125576.51331314305,-125.57651331314305,
1550,1276.85,Cu3V2O8,copper orthovanadate,V2O5,3Cu + V2O5 + 1.5 O2 -> Cu3V2O8,-225409.22606584936,GAS#1; IONIC_LIQ#2,,,-87853.73960806547,-359271.06726446614,-124096.84458502708,-124.09684458502709,
1575,1301.85,Cu3V2O8,copper orthovanadate,V2O5,3Cu + V2O5 + 1.5 O2 -> Cu3V2O8,-227519.92055411922,GAS#1; IONIC_LIQ#2,,,-90060.60688932937,-365757.7100973009,-122614.53245286457,-122.61453245286457,
1600,1326.85,Cu3V2O8,copper orthovanadate,V2O5,3Cu + V2O5 + 1.5 O2 -> Cu3V2O8,-229645.51033791128,GAS#1; IONIC_LIQ#2,,,-92279.92616727331,-372258.95443950023,-121129.5572899743,-121.1295572899743,
1625,1351.85,Cu3V2O8,copper orthovanadate,V2O5,3Cu + V2O5 + 1.5 O2 -> Cu3V2O8,-231785.91646846372,GAS#1; IONIC_LIQ#2,,,-94511.50286644344,-378774.60081102635,-119641.90529222973,-119.64190529222972,
1650,1376.85,Cu3V2O8,copper orthovanadate,V2O5,3Cu + V2O5 + 1.5 O2 -> Cu3V2O8,-233941.04363309103,GAS#1; IONIC_LIQ#2,,,-96755.14839899541,-385304.45669843507,-118151.5688243541,-118.15156882435409,
1675,1401.85,Cu3V2O8,copper orthovanadate,V2O5,3Cu + V2O5 + 1.5 O2 -> Cu3V2O8,-236110.78049205407,GAS#1; IONIC_LIQ#2,,,-99010.67989248801,-391848.33648811927,,,No binary oxide reference
1700,1426.85,Cu3V2O8,copper orthovanadate,V2O5,3Cu + V2O5 + 1.5 O2 -> Cu3V2O8,-238295.0004153047,GAS#1; IONIC_LIQ#2,,,-101277.91993393125,-398406.06143899396,-115162.84822289366,-115.16284822289366,
1725,1451.85,Cu3V2O8,copper orthovanadate,V2O5,3Cu + V2O5 + 1.5 O2 -> Cu3V2O8,-240493.56257123084,GAS#1; IONIC_LIQ#2,,,-103556.69632889348,-404977.4596958644,-113664.48663255014,-113.66448663255014,
1750,1476.85,Cu3V2O8,copper orthovanadate,V2O5,3Cu + V2O5 + 1.5 O2 -> Cu3V2O8,-242706.3133140174,GAS#1; IONIC_LIQ#2,,,-105846.8418745748,-411562.36634471465,-112163.48810847662,-112.16348810847663,
1775,1501.85,Cu3V2O8,copper orthovanadate,V2O5,3Cu + V2O5 + 1.5 O2 -> Cu3V2O8,-244933.08781455326,GAS#1; IONIC_LIQ#2,,,-108148.19414585167,-418160.6235111601,-110659.88907213742,-110.65988907213742,
1800,1526.85,Cu3V2O8,copper orthovanadate,V2O5,3Cu + V2O5 + 1.5 O2 -> Cu3V2O8,-247173.7118812478,GAS#1; IONIC_LIQ#2,,,-110460.5952933756,-424772.08050325216,-109153.73953753803,-109.15373953753803,
1825,1551.85,Cu3V2O8,copper orthovanadate,V2O5,3Cu + V2O5 + 1.5 O2 -> Cu3V2O8,-249428.0201005058,GAS#1; IONIC_LIQ#2,,,-112783.89185289193,-431396.5939997618,-107645.1053543319,-107.6451053543319,
1850,1576.85,Cu3V2O8,copper orthovanadate,V2O5,3Cu + V2O5 + 1.5 O2 -> Cu3V2O8,-251696.12679759966,GAS#1; IONIC_LIQ#2,,,-115117.93456500792,-438034.02828497055,-106134.07295610476,-106.13407295610476,
1875,1601.85,Cu3V2O8,copper orthovanadate,V2O5,3Cu + V2O5 + 1.5 O2 -> Cu3V2O8,-253977.98676746176,GAS#1; IONIC_LIQ#2,,,-117462.5782047046,-444684.2555308836,-104620.7513703471,-104.62075137034711,
1900,1626.85,Cu3V2O8,copper orthovanadate,V2O5,3Cu + V2O5 + 1.5 O2 -> Cu3V2O8,-256273.44611101676,GAS#1; IONIC_LIQ#2,,,-119817.68141994256,-451347.15612763376,-103105.27760586422,-103.10527760586422,
800,526.85,CuMn2O4,copper manganite spinel,MnO,Cu + 2MnO + O2 -> CuMn2O4,-185659.69364095817,DELAFOSSITE#1; SPINEL#1,SPINEL#1,-185659.69364106524,-33912.572992159054,-172813.30445913016,-197656.67208792688,-197.6566720879269,
825,551.85,CuMn2O4,copper manganite spinel,MnO,Cu + 2MnO + O2 -> CuMn2O4,-186835.039936338,DELAFOSSITE#1; SPINEL#1,SPINEL#1,-186835.03993642298,-35395.607383403396,-178721.68953887446,-193097.72653157474,-193.09772653157472,
850,576.85,CuMn2O4,copper manganite spinel,MnO,Cu + 2MnO + O2 -> CuMn2O4,-188031.89510045096,DELAFOSSITE#1; SPINEL#1,SPINEL#1,-188031.89510051502,-36899.715722671725,-184655.7645699373,-188562.9148088314,-188.5629148088314,
875,601.85,CuMn2O4,copper manganite spinel,MnO,Cu + 2MnO + O2 -> CuMn2O4,-189249.73416068451,DELAFOSSITE#1; SPINEL#1,SPINEL#1,-189249.73416073367,-38424.35858530019,-190614.89178587476,-184051.75418322557,-184.05175418322557,
900,626.85,CuMn2O4,copper manganite spinel,MnO,Cu + 2MnO + O2 -> CuMn2O4,-190488.05458708073,DELAFOSSITE#1; SPINEL#1,SPINEL#1,-190488.05458712822,-39969.02623895592,-196598.46464191502,-179563.74471784243,-179.56374471784244,
925,651.85,CuMn2O4,copper manganite spinel,MnO,Cu + 2MnO + O2 -> CuMn2O4,-191746.37518348114,DELAFOSSITE#1; SPINEL#1,SPINEL#1,-191746.3751835069,-41533.23626680579,-202605.90531063377,-175098.37620267877,-175.09837620267876,
950,676.85,CuMn2O4,copper manganite spinel,MnO,Cu + 2MnO + O2 -> CuMn2O4,-193024.23506635803,SPINEL#1,SPINEL#1,-193024.23506635803,-43116.53145504323,-208636.66243571485,-170655.13395779417,-170.65513395779416,
975,701.85,CuMn2O4,copper manganite spinel,MnO,Cu + 2MnO + O2 -> CuMn2O4,-194321.1927162349,SPINEL#1,SPINEL#1,-194321.1927162349,-44718.47791456392,-214690.20911176843,-166233.50363937882,-166.23350363937882,
1000,726.85,CuMn2O4,copper manganite spinel,MnO,Cu + 2MnO + O2 -> CuMn2O4,-195636.82508914772,SPINEL#1,SPINEL#1,-195636.8250891477,-46338.66341131481,-220766.04114120515,-161832.97511297138,-161.83297511297138,
1025,751.85,CuMn2O4,copper manganite spinel,MnO,Cu + 2MnO + O2 -> CuMn2O4,-196970.72677854975,SPINEL#1,SPINEL#1,-196970.72677854975,-47976.695883677894,-226863.6755149924,-157453.0455487934,-157.4530455487934,
1050,776.85,CuMn2O4,copper manganite spinel,MnO,Cu + 2MnO + O2 -> CuMn2O4,-198322.50923329566,SPINEL#1,SPINEL#1,-198322.50923329563,-49632.20212835616,-232982.6508510953,-153093.22017738712,-153.0932201773871,
1075,801.85,CuMn2O4,copper manganite spinel,MnO,Cu + 2MnO + O2 -> CuMn2O4,-199691.7999661591,SPINEL#1,SPINEL#1,-199691.7999661591,-51304.826638688035,-239122.52479410844,-148753.0153472058,-148.7530153472058,
1100,826.85,CuMn2O4,copper manganite spinel,MnO,Cu + 2MnO + O2 -> CuMn2O4,-201078.24187322913,SPINEL#1,SPINEL#1,-201078.24187322913,-52994.23058128006,-245282.87268568174,-144431.96049984032,-144.43196049984033,
1125,851.85,CuMn2O4,copper manganite spinel,MnO,Cu + 2MnO + O2 -> CuMn2O4,-202481.49251828375,SPINEL#1,SPINEL#1,-202481.49251828378,-54700.09089837695,-251463.28663008843,-140129.5989852911,-140.1295989852911,
1150,876.85,CuMn2O4,copper manganite spinel,MnO,Cu + 2MnO + O2 -> CuMn2O4,-203901.22347408635,GAS#1; SPINEL#1,SPINEL#1,-203901.2234914291,-56422.09952457435,-257663.3746140724,-135845.48875841685,-135.84548875841685,
1175,901.85,CuMn2O4,copper manganite spinel,MnO,Cu + 2MnO + O2 -> CuMn2O4,-205337.11968705346,GAS#1; SPINEL#1,SPINEL#1,-205337.11977916458,-58159.96270739576,-263882.75967895094,-131579.20277218428,-131.5792027721843,
1200,926.85,CuMn2O4,copper manganite spinel,MnO,Cu + 2MnO + O2 -> CuMn2O4,-206788.87886642214,GAS#1; SPINEL#1,SPINEL#1,-206788.87914027387,-59913.400421959326,-270121.07914274716,-127330.32911941991,-127.33032911941991,
1225,951.85,CuMn2O4,copper manganite spinel,MnO,Cu + 2MnO + O2 -> CuMn2O4,-208256.21090145753,GAS#1; SPINEL#1,SPINEL#1,-208256.2115981411,-61682.145870512795,-276377.98387004976,-123098.47098582331,-123.09847098582331,
1250,976.85,CuMn2O4,copper manganite spinel,MnO,Cu + 2MnO + O2 -> CuMn2O4,-209738.83730797176,GAS#1; SPINEL#1,SPINEL#1,-209738.8389516587,-63465.94505805945,-282653.13758733065,-118883.2464562594,-118.8832464562594,
1275,1001.85,CuMn2O4,copper manganite spinel,MnO,Cu + 2MnO + O2 -> CuMn2O4,-211236.49070869223,GAS#1; SPINEL#1,SPINEL#1,-211236.49440108534,-65264.54417152417,-288946.21624154574,-114684.3004979631,-114.6843004979631,
1300,1026.85,CuMn2O4,copper manganite spinel,MnO,Cu + 2MnO + O2 -> CuMn2O4,-212748.91435693708,GAS#1; SPINEL#1,SPINEL#1,-212748.9223407743,-67077.64455849766,-295256.90740000026,-110501.34940567357,-110.50134940567357,
1325,1051.85,CuMn2O4,copper manganite spinel,MnO,Cu + 2MnO + O2 -> CuMn2O4,-214275.8617206523,GAS#1; SPINEL#1,SPINEL#1,-214275.87842556112,-68905.00073198564,-301584.90968965547,-106334.0824113423,-106.3340824113423,
1350,1076.85,CuMn2O4,copper manganite spinel,MnO,Cu + 2MnO + O2 -> CuMn2O4,-215817.09615668948,GAS#1; SPINEL#1,SPINEL#1,-215817.13008464916,-70746.38367789735,-307929.9322742684,-102182.19839618239,-102.18219839618239,
1375,1101.85,CuMn2O4,copper manganite spinel,MnO,Cu + 2MnO + O2 -> CuMn2O4,-217372.67244536956,GAS#1; IONIC_LIQ#2; SPINEL#1,SPINEL#1,-217664.9859960116,-72772.06948795723,-314291.69436800526,-97876.7968643345,-97.8767968643345,
1400,1126.85,CuMn2O4,copper manganite spinel,MnO,Cu + 2MnO + O2 -> CuMn2O4,-218959.31737938526,GAS#1; IONIC_LIQ#2; SPINEL#1,SPINEL#1,-221351.04816125194,-74885.75572616636,-320669.92478441016,-93632.38456278131,-93.63238456278131,
1425,1151.85,CuMn2O4,copper manganite spinel,MnO,Cu + 2MnO + O2 -> CuMn2O4,-220589.14301065885,GAS#1; IONIC_LIQ#2; SPINEL#1,SPINEL#1,-225352.50081479154,-77013.45059169814,-327064.36151987896,-89608.75948106358,-89.60875948106357,
1450,1176.85,CuMn2O4,copper manganite spinel,MnO,Cu + 2MnO + O2 -> CuMn2O4,-222266.32937848225,GAS#1; IONIC_LIQ#2; SPINEL#1,SPINEL#1,-229786.0072330491,-79154.90829742474,-333474.75137103954,-85836.39760867995,-85.83639760867995,
1475,1201.85,CuMn2O4,copper manganite spinel,MnO,Cu + 2MnO + O2 -> CuMn2O4,-223995.84836260165,GAS#1; IONIC_LIQ#2; SPINEL#1,SPINEL#1,-234713.20538357648,-81309.89153286346,-339900.8495856955,-82351.27505792794,-82.35127505792794,
1500,1226.85,CuMn2O4,copper manganite spinel,MnO,Cu + 2MnO + O2 -> CuMn2O4,-225782.1298366274,GAS#1; IONIC_LIQ#2; SPINEL#1,SPINEL#1,-240061.9491466557,-83478.17103307633,-346342.4195472346,-79185.53341206675,-79.18553341206676,
1525,1251.85,CuMn2O4,copper manganite spinel,MnO,Cu + 2MnO + O2 -> CuMn2O4,-227627.23298855388,GAS#1; IONIC_LIQ#2; SPINEL#1,SPINEL#1,-245565.26737826638,-85659.52517631663,-352799.2324926415,-76354.68105462287,-76.35468105462287,
1550,1276.85,CuMn2O4,copper manganite spinel,MnO,Cu + 2MnO + O2 -> CuMn2O4,-229529.85239313392,GAS#1; IONIC_LIQ#2; SPINEL#1,SPINEL#1,-250852.51868870205,-87853.73960806547,-359271.06726446614,-73850.63748378912,-73.85063748378911,
1575,1301.85,CuMn2O4,copper manganite spinel,MnO,Cu + 2MnO + O2 -> CuMn2O4,-231486.45442745532,GAS#1; IONIC_LIQ#2; SPINEL#1,SPINEL#1,-255662.68403032533,-90060.60688932937,-365757.7100973009,-71649.68976716464,-71.64968976716465,
1600,1326.85,CuMn2O4,copper manganite spinel,MnO,Cu + 2MnO + O2 -> CuMn2O4,-233493.5265377462,GAS#1; IONIC_LIQ#2; SPINEL#1,SPINEL#1,-259929.30659748125,-92279.92616727331,-372258.95443950023,-69728.23869963875,-69.72823869963875,
1625,1351.85,CuMn2O4,copper manganite spinel,MnO,Cu + 2MnO + O2 -> CuMn2O4,-235549.10500334017,GAS#1; IONIC_LIQ#2; SPINEL#1,SPINEL#1,-263705.74646114616,-94511.50286644344,-378774.60081102635,-68073.49426523712,-68.07349426523713,
1650,1376.85,CuMn2O4,copper manganite spinel,MnO,Cu + 2MnO + O2 -> CuMn2O4,-237653.3389167933,GAS#1; IONIC_LIQ#2; SPINEL#1,SPINEL#1,-267080.2105542907,-96755.14839899541,-385304.45669843507,-66687.42447380186,-66.68742447380185,
1675,1401.85,CuMn2O4,copper manganite spinel,MnO,Cu + 2MnO + O2 -> CuMn2O4,-239808.73754896608,GAS#1; IONIC_LIQ#2; SPINEL#1,SPINEL#1,-270136.17484331597,-99010.67989248801,-391848.33648811927,-65588.48779175803,-65.58848779175803,
1700,1426.85,CuMn2O4,copper manganite spinel,MnO,Cu + 2MnO + O2 -> CuMn2O4,-242020.62203668192,GAS#1; IONIC_LIQ#2; SPINEL#1,SPINEL#1,-272941.9890815846,-101277.91993393125,-398406.06143899396,-64814.79576469725,-64.81479576469725,
1725,1451.85,CuMn2O4,copper manganite spinel,MnO,Cu + 2MnO + O2 -> CuMn2O4,-244298.16399689738,GAS#1; IONIC_LIQ#2; SPINEL#1,SPINEL#1,-275551.2848141507,-103556.69632889348,-404977.4596958644,-64431.38409541012,-64.43138409541012,
1750,1476.85,CuMn2O4,copper manganite spinel,MnO,Cu + 2MnO + O2 -> CuMn2O4,-246635.5166498892,GAS#1; IONIC_LIQ#2,,,-105846.8418745748,-411562.36634471465,-64398.13129135431,-64.3981312913543,
1775,1501.85,CuMn2O4,copper manganite spinel,MnO,Cu + 2MnO + O2 -> CuMn2O4,-248988.68506202943,GAS#1; IONIC_LIQ#2,,,-108148.19414585167,-418160.6235111601,-64407.85118495254,-64.40785118495253,
1800,1526.85,CuMn2O4,copper manganite spinel,MnO,Cu + 2MnO + O2 -> CuMn2O4,-251354.9915712239,GAS#1; IONIC_LIQ#2,,,-110460.5952933756,-424772.08050325216,-64442.55177885806,-64.44255177885806,
1825,1551.85,CuMn2O4,copper manganite spinel,MnO,Cu + 2MnO + O2 -> CuMn2O4,-253734.20959903815,GAS#1; IONIC_LIQ#2,,,-112783.89185289193,-431396.5939997618,-64501.37282604538,-64.50137282604538,
1850,1576.85,CuMn2O4,copper manganite spinel,MnO,Cu + 2MnO + O2 -> CuMn2O4,-256126.11848199603,GAS#1; IONIC_LIQ#2,,,-115117.93456500792,-438034.02828497055,-64583.470524442615,-64.58347052444262,
1875,1601.85,CuMn2O4,copper manganite spinel,MnO,Cu + 2MnO + O2 -> CuMn2O4,-258530.50367057655,GAS#1; IONIC_LIQ#2,,,-117462.5782047046,-444684.2555308836,-64688.01970190508,-64.68801970190508,
1900,1626.85,CuMn2O4,copper manganite spinel,MnO,Cu + 2MnO + O2 -> CuMn2O4,-260947.156962208,GAS#1; IONIC_LIQ#2,,,-119817.68141994256,-451347.15612763376,-64814.216096593766,-64.81421609659377,
800,526.85,Cu2SiO4,copper orthosilicate,SiO2,2Cu + SiO2 + O2 -> Cu2SiO4,-195167.3038754464,CUO#1; CUPRITE#1; QUARTZ#1,,,-33912.572992159054,-172813.30445913016,-166050.34756840556,-166.05034756840556,
825,551.85,Cu2SiO4,copper orthosilicate,SiO2,2Cu + SiO2 + O2 -> Cu2SiO4,-196184.6041569126,CUO#1; CUPRITE#1; QUARTZ#1,,,-35395.607383403396,-178721.68953887446,-161774.44444307685,-161.77444444307685,
850,576.85,Cu2SiO4,copper orthosilicate,SiO2,2Cu + SiO2 + O2 -> Cu2SiO4,-197222.30619133165,CUO#1; CUPRITE#1; QUARTZ#1,,,-36899.715722671725,-184655.7645699373,-157511.94218870928,-157.51194218870927,
875,601.85,Cu2SiO4,copper orthosilicate,SiO2,2Cu + SiO2 + O2 -> Cu2SiO4,-198280.68622610767,CUO#1; CUPRITE#1; QUARTZ#1,,,-38424.35858530019,-190614.89178587476,-153262.52207000135,-153.26252207000135,
900,626.85,Cu2SiO4,copper orthosilicate,SiO2,2Cu + SiO2 + O2 -> Cu2SiO4,-199357.0148313721,CUO#1; CUPRITE#1; QUARTZ#1,,,-39969.02623895592,-196598.46464191502,-149025.87678966997,-149.02587678966998,
925,651.85,Cu2SiO4,copper orthosilicate,SiO2,2Cu + SiO2 + O2 -> Cu2SiO4,-200450.86308507712,CUO#1; CUPRITE#1; QUARTZ#1,,,-41533.23626680579,-202605.90531063377,-144801.72071116418,-144.80172071116417,
950,676.85,Cu2SiO4,copper orthosilicate,SiO2,2Cu + SiO2 + O2 -> Cu2SiO4,-201561.82450071664,CUO#1; CUPRITE#1; QUARTZ#1,,,-43116.53145504323,-208636.66243571485,-140589.7841411936,-140.5897841411936,
975,701.85,Cu2SiO4,copper orthosilicate,SiO2,2Cu + SiO2 + O2 -> Cu2SiO4,-202689.5133319997,CUO#1; CUPRITE#1; QUARTZ#1,,,-44718.47791456392,-214690.20911176843,-136389.8123868641,-136.3898123868641,
1000,726.85,Cu2SiO4,copper orthosilicate,SiO2,2Cu + SiO2 + O2 -> Cu2SiO4,-203833.563042033,CUO#1; CUPRITE#1; QUARTZ#1,,,-46338.66341131481,-220766.04114120515,-132201.56473250245,-132.20156473250245,
1025,751.85,Cu2SiO4,copper orthosilicate,SiO2,2Cu + SiO2 + O2 -> Cu2SiO4,-204993.6249178027,CUO#1; CUPRITE#1; QUARTZ#1,,,-47976.695883677894,-226863.6755149924,-128024.81336672488,-128.02481336672489,
1050,776.85,Cu2SiO4,copper orthosilicate,SiO2,2Cu + SiO2 + O2 -> Cu2SiO4,-206169.36681333656,CUO#1; CUPRITE#1; QUARTZ#1,,,-49632.20212835616,-232982.6508510953,-123859.34050469729,-123.85934050469729,
1075,801.85,Cu2SiO4,copper orthosilicate,SiO2,2Cu + SiO2 + O2 -> Cu2SiO4,-207360.472007122,CUO#1; CUPRITE#1; QUARTZ#1,,,-51304.826638688035,-239122.52479410844,-119704.93868380715,-119.70493868380716,
1100,826.85,Cu2SiO4,copper orthosilicate,SiO2,2Cu + SiO2 + O2 -> Cu2SiO4,-208566.63816122885,CUO#1; CUPRITE#1; QUARTZ#1,,,-52994.23058128006,-245282.87268568174,-115561.40990554309,-115.56140990554309,
1125,851.85,Cu2SiO4,copper orthosilicate,SiO2,2Cu + SiO2 + O2 -> Cu2SiO4,-209787.57637118376,CUO#1; CUPRITE#1; QUARTZ#1,,,-54700.09089837695,-251463.28663008843,-111428.56448463071,-111.42856448463071,
1150,876.85,Cu2SiO4,copper orthosilicate,SiO2,2Cu + SiO2 + O2 -> Cu2SiO4,-211024.94593748066,CUO#1; CUPRITE#1; TRIDYMITE#1,,,-56422.09952457435,-257663.3746140724,-107306.22399863764,-107.30622399863763,
1175,901.85,Cu2SiO4,copper orthosilicate,SiO2,2Cu + SiO2 + O2 -> Cu2SiO4,-212281.53433070506,CUO#1; CUPRITE#1; TRIDYMITE#1,,,-58159.96270739576,-263882.75967895094,-103194.21847965196,-103.19421847965195,
1200,926.85,Cu2SiO4,copper orthosilicate,SiO2,2Cu + SiO2 + O2 -> Cu2SiO4,-213552.0449063757,CUO#1; CUPRITE#1; TRIDYMITE#1,,,-59913.400421959326,-270121.07914274716,-99092.36600338877,-99.09236600338878,
1225,951.85,Cu2SiO4,copper orthosilicate,SiO2,2Cu + SiO2 + O2 -> Cu2SiO4,-214836.22267796838,CUO#1; CUPRITE#1; TRIDYMITE#1,,,-61682.145870512795,-276377.98387004976,-95000.49920544168,-95.00049920544168,
1250,976.85,Cu2SiO4,copper orthosilicate,SiO2,2Cu + SiO2 + O2 -> Cu2SiO4,-216133.82306562932,CUO#1; CUPRITE#1; TRIDYMITE#1,,,-63465.94505805945,-282653.13758733065,-90918.45368282287,-90.91845368282287,
1275,1001.85,Cu2SiO4,copper orthosilicate,SiO2,2Cu + SiO2 + O2 -> Cu2SiO4,-217444.61143261864,CUO#1; CUPRITE#1; TRIDYMITE#1,,,-65264.54417152417,-288946.21624154574,-86846.09150286857,-86.84609150286857,
1300,1026.85,Cu2SiO4,copper orthosilicate,SiO2,2Cu + SiO2 + O2 -> Cu2SiO4,-218768.36264279197,CUO#1; CUPRITE#1; TRIDYMITE#1,,,-67077.64455849766,-295256.90740000026,-82783.38964730431,-82.78338964730432,
1325,1051.85,Cu2SiO4,copper orthosilicate,SiO2,2Cu + SiO2 + O2 -> Cu2SiO4,-220104.86063881632,CUO#1; CUPRITE#1; TRIDYMITE#1,,,-68905.00073198564,-301584.90968965547,-78730.24252475193,-78.73024252475193,
1350,1076.85,Cu2SiO4,copper orthosilicate,SiO2,2Cu + SiO2 + O2 -> Cu2SiO4,-221453.8980406286,CUO#1; TRIDYMITE#1,,,-70746.38367789735,-307929.9322742684,-74686.53398573957,-74.68653398573957,
1375,1101.85,Cu2SiO4,copper orthosilicate,SiO2,2Cu + SiO2 + O2 -> Cu2SiO4,-223028.2611961452,GAS#1; IONIC_LIQ#2; TRIDYMITE#1,,,-72772.06948795723,-314291.69436800526,-71801.83317730483,-71.80183317730483,
1400,1126.85,Cu2SiO4,copper orthosilicate,SiO2,2Cu + SiO2 + O2 -> Cu2SiO4,-224868.06509133405,GAS#1; IONIC_LIQ#2; TRIDYMITE#1,,,-74885.75572616636,-320669.92478441016,-70550.31248275028,-70.55031248275027,
1425,1151.85,Cu2SiO4,copper orthosilicate,SiO2,2Cu + SiO2 + O2 -> Cu2SiO4,-226720.25159023335,GAS#1; IONIC_LIQ#2; TRIDYMITE#1,,,-77013.45059169814,-327064.36151987896,-69309.58470675489,-69.30958470675489,
1450,1176.85,Cu2SiO4,copper orthosilicate,SiO2,2Cu + SiO2 + O2 -> Cu2SiO4,-228584.67352317556,GAS#1; IONIC_LIQ#2; TRIDYMITE#1,,,-79154.90829742474,-333474.75137103954,-68079.84879847686,-68.07984879847686,
1475,1201.85,Cu2SiO4,copper orthosilicate,SiO2,2Cu + SiO2 + O2 -> Cu2SiO4,-230461.19168878117,GAS#1; IONIC_LIQ#2; TRIDYMITE#1,,,-81309.89153286346,-339900.8495856955,-66861.3106832758,-66.8613106832758,
1500,1226.85,Cu2SiO4,copper orthosilicate,SiO2,2Cu + SiO2 + O2 -> Cu2SiO4,-232349.6764960864,GAS#1; IONIC_LIQ#2; TRIDYMITE#1,,,-83478.17103307633,-346342.4195472346,-65654.1967563713,-65.65419675637129,
1525,1251.85,Cu2SiO4,copper orthosilicate,SiO2,2Cu + SiO2 + O2 -> Cu2SiO4,-234250.009839607,GAS#1; IONIC_LIQ#2; TRIDYMITE#1,,,-85659.52517631663,-352799.2324926415,-64458.76889066631,-64.4587688906663,
1550,1276.85,Cu2SiO4,copper orthosilicate,SiO2,2Cu + SiO2 + O2 -> Cu2SiO4,-236162.0871555328,GAS#1; IONIC_LIQ#2; TRIDYMITE#1,,,-87853.73960806547,-359271.06726446614,-63275.34059969918,-63.27534059969918,
1575,1301.85,Cu2SiO4,copper orthosilicate,SiO2,2Cu + SiO2 + O2 -> Cu2SiO4,-238085.81953410953,GAS#1; IONIC_LIQ#2; TRIDYMITE#1,,,-90060.60688932937,-365757.7100973009,-62104.29348452226,-62.104293484522266,
1600,1326.85,Cu2SiO4,copper orthosilicate,SiO2,2Cu + SiO2 + O2 -> Cu2SiO4,-240021.13563053712,GAS#1; IONIC_LIQ#2; TRIDYMITE#1,,,-92279.92616727331,-372258.95443950023,-60946.09216412413,-60.94609216412413,
1625,1351.85,Cu2SiO4,copper orthosilicate,SiO2,2Cu + SiO2 + O2 -> Cu2SiO4,-241967.98290717282,GAS#1; IONIC_LIQ#2; TRIDYMITE#1,,,-94511.50286644344,-378774.60081102635,-59801.29442212614,-59.80129442212614,
1650,1376.85,Cu2SiO4,copper orthosilicate,SiO2,2Cu + SiO2 + O2 -> Cu2SiO4,-243926.32748148337,GAS#1; IONIC_LIQ#2; TRIDYMITE#1,,,-96755.14839899541,-385304.45669843507,-58670.55149410642,-58.67055149410642,
1675,1401.85,Cu2SiO4,copper orthosilicate,SiO2,2Cu + SiO2 + O2 -> Cu2SiO4,-245896.15107906575,GAS#1; IONIC_LIQ#2; TRIDYMITE#1,,,-99010.67989248801,-391848.33648811927,-57554.594564945204,-57.554594564945205,
1700,1426.85,Cu2SiO4,copper orthosilicate,SiO2,2Cu + SiO2 + O2 -> Cu2SiO4,-247877.4455412011,GAS#1; IONIC_LIQ#2; TRIDYMITE#1,,,-101277.91993393125,-398406.06143899396,-56454.20089473901,-56.45420089473901,
1725,1451.85,Cu2SiO4,copper orthosilicate,SiO2,2Cu + SiO2 + O2 -> Cu2SiO4,-249870.20000084443,GAS#1; IONIC_LIQ#2; TRIDYMITE#1,,,-103556.69632889348,-404977.4596958644,-55370.1681501721,-55.370168150172105,
1750,1476.85,Cu2SiO4,copper orthosilicate,SiO2,2Cu + SiO2 + O2 -> Cu2SiO4,-251874.55142487492,CRISTOBALITE#1; GAS#1; IONIC_LIQ#2,,,-105846.8418745748,-411562.36634471465,-54302.418121553026,-54.302418121553025,
1775,1501.85,Cu2SiO4,copper orthosilicate,SiO2,2Cu + SiO2 + O2 -> Cu2SiO4,-253890.76817058254,CRISTOBALITE#1; GAS#1; IONIC_LIQ#2,,,-108148.19414585167,-418160.6235111601,-53249.41928931605,-53.24941928931605,
1800,1526.85,Cu2SiO4,copper orthosilicate,SiO2,2Cu + SiO2 + O2 -> Cu2SiO4,-255918.29748521227,CRISTOBALITE#1; GAS#1; IONIC_LIQ#2,,,-110460.5952933756,-424772.08050325216,-52214.2038660238,-52.2142038660238,
1825,1551.85,Cu2SiO4,copper orthosilicate,SiO2,2Cu + SiO2 + O2 -> Cu2SiO4,-257957.10816617034,CRISTOBALITE#1; GAS#1; IONIC_LIQ#2,,,-112783.89185289193,-431396.5939997618,-51197.31918447465,-51.197319184474644,
1850,1576.85,Cu2SiO4,copper orthosilicate,SiO2,2Cu + SiO2 + O2 -> Cu2SiO4,-260007.1818209239,CRISTOBALITE#1; GAS#1; IONIC_LIQ#2,,,-115117.93456500792,-438034.02828497055,-50199.37692855508,-50.19937692855508,
1875,1601.85,Cu2SiO4,copper orthosilicate,SiO2,2Cu + SiO2 + O2 -> Cu2SiO4,-262068.5240176017,CRISTOBALITE#1; GAS#1; IONIC_LIQ#2,,,-117462.5782047046,-444684.2555308836,-49221.131581596565,-49.221131581596566,
1900,1626.85,Cu2SiO4,copper orthosilicate,SiO2,2Cu + SiO2 + O2 -> Cu2SiO4,-264141.17520182516,CRISTOBALITE#1; GAS#1; IONIC_LIQ#2,,,-119817.68141994256,-451347.15612763376,-48263.5571554394,-48.2635571554394,
800,526.85,CuB2O4,copper borate,B2O3,Cu + B2O3 + 0.5 O2 -> CuB2O4,-222815.63195568934,CU2B4O7#1; CUB2O4#1; CUB8O13#1,CUB2O4#1,-222815.63195568934,-33912.572992159054,-172813.30445913016,-96858.0419010981,-96.8580419010981,
825,551.85,CuB2O4,copper borate,B2O3,Cu + B2O3 + 0.5 O2 -> CuB2O4,-223778.8964730039,CU2B4O7#1; CUB2O4#1; CUB8O13#1,CUB2O4#1,-223778.89647300393,-35395.607383403396,-178721.68953887446,-94686.28481411631,-94.6862848141163,
850,576.85,CuB2O4,copper borate,B2O3,Cu + B2O3 + 0.5 O2 -> CuB2O4,-224762.21477203505,CU2B4O7#1; CUB2O4#1; CUB8O13#1,CUB2O4#1,-224762.21477203508,-36899.715722671725,-184655.7645699373,-92521.22147514974,-92.52122147514974,
875,601.85,CuB2O4,copper borate,B2O3,Cu + B2O3 + 0.5 O2 -> CuB2O4,-225764.99396853405,CU2B4O7#1; CUB2O4#1; CUB8O13#1,CUB2O4#1,-225764.99396853405,-38424.35858530019,-190614.89178587476,-90362.68394813873,-90.36268394813872,
900,626.85,CuB2O4,copper borate,B2O3,Cu + B2O3 + 0.5 O2 -> CuB2O4,-226786.6768067056,CU2B4O7#1; CUB2O4#1; CUB8O13#1,CUB2O4#1,-226786.6768067056,-39969.02623895592,-196598.46464191502,-88210.50608409778,-88.21050608409779,
925,651.85,CuB2O4,copper borate,B2O3,Cu + B2O3 + 0.5 O2 -> CuB2O4,-227826.7385036006,CU2B4O7#1; CUB2O4#1; CUB8O13#1,CUB2O4#1,-227826.73850360062,-41533.23626680579,-202605.90531063377,-86064.517212359,-86.06451721235901,
950,676.85,CuB2O4,copper borate,B2O3,Cu + B2O3 + 0.5 O2 -> CuB2O4,-228884.68395888622,CU2B4O7#1; CUB2O4#1; CUB8O13#1,CUB2O4#1,-228884.68395888622,-43116.53145504323,-208636.66243571485,-83924.53128797445,-83.92453128797445,
975,701.85,CuB2O4,copper borate,B2O3,Cu + B2O3 + 0.5 O2 -> CuB2O4,-229960.04527823676,CU2B4O7#1; CUB2O4#1; CUB8O13#1,CUB2O4#1,-229960.04527823676,-44718.47791456392,-214690.20911176843,-81790.32752163918,-81.79032752163917,
1000,726.85,CuB2O4,copper borate,B2O3,Cu + B2O3 + 0.5 O2 -> CuB2O4,-231052.37956718588,CU2B4O7#1; CUB2O4#1; CUB8O13#1,CUB2O4#1,-231052.37956718588,-46338.66341131481,-220766.04114120515,-79661.61402735417,-79.66161402735416,
1025,751.85,CuB2O4,copper borate,B2O3,Cu + B2O3 + 0.5 O2 -> CuB2O4,-232161.2669592547,CU2B4O7#1; CUB2O4#1; IONIC_LIQ#2,CUB2O4#1,-232161.2669592547,-47976.695883677894,-226863.6755149924,-77537.94745051325,-77.53794745051326,
1050,776.85,CuB2O4,copper borate,B2O3,Cu + B2O3 + 0.5 O2 -> CuB2O4,-233286.3088478558,CUB2O4#1; IONIC_LIQ#2,CUB2O4#1,-233286.3088478558,-49632.20212835616,-232982.6508510953,-75419.08826699713,-75.41908826699714,
1075,801.85,CuB2O4,copper borate,B2O3,Cu + B2O3 + 0.5 O2 -> CuB2O4,-234427.12629614197,CUB2O4#1,CUB2O4#1,-234427.12629614197,-51304.826638688035,-239122.52479410844,-73305.70115895965,-73.30570115895965,
1100,826.85,CuB2O4,copper borate,B2O3,Cu + B2O3 + 0.5 O2 -> CuB2O4,-235583.35860281967,CUB2O4#1,CUB2O4#1,-235583.3586028197,-52994.23058128006,-245282.87268568174,-71197.75313675916,-71.19775313675916,
1125,851.85,CuB2O4,copper borate,B2O3,Cu + B2O3 + 0.5 O2 -> CuB2O4,-236754.66200514344,CUB2O4#1; IONIC_LIQ#2,CUB2O4#1,-236754.6620051434,-54700.09089837695,-251463.28663008843,-69095.14933712431,-69.09514933712431,
1150,876.85,CuB2O4,copper borate,B2O3,Cu + B2O3 + 0.5 O2 -> CuB2O4,-237940.7085029702,CUB2O4#1,CUB2O4#1,-237940.7085029702,-56422.09952457435,-257663.3746140724,-66997.79849347845,-66.99779849347844,
1175,901.85,CuB2O4,copper borate,B2O3,Cu + B2O3 + 0.5 O2 -> CuB2O4,-239141.18478998853,CUB2O4#1,CUB2O4#1,-239141.18478998853,-58159.96270739576,-263882.75967895094,-64905.61239221296,-64.90561239221296,
1200,926.85,CuB2O4,copper borate,B2O3,Cu + B2O3 + 0.5 O2 -> CuB2O4,-240355.79128010868,CUB2O4#1,CUB2O4#1,-240355.7912801087,-59913.400421959326,-270121.07914274716,-62818.50533956406,-62.818505339564055,
1225,951.85,CuB2O4,copper borate,B2O3,Cu + B2O3 + 0.5 O2 -> CuB2O4,-241584.24121859463,CUB2O4#1,CUB2O4#1,-241584.24121859463,-61682.145870512795,-276377.98387004976,-60736.393637143075,-60.736393637143074,
1250,976.85,CuB2O4,copper borate,B2O3,Cu + B2O3 + 0.5 O2 -> CuB2O4,-242826.25986886132,CUB2O4#1,CUB2O4#1,-242826.25986886135,-63465.94505805945,-282653.13758733065,-58659.195065001724,-58.659195065001725,
1275,1001.85,CuB2O4,copper borate,B2O3,Cu + B2O3 + 0.5 O2 -> CuB2O4,-244081.58376700833,CUB2O4#1,CUB2O4#1,-244081.58376700833,-65264.54417152417,-288946.21624154574,-56586.840636059875,-56.586840636059875,
1300,1026.85,CuB2O4,copper borate,B2O3,Cu + B2O3 + 0.5 O2 -> CuB2O4,-245349.96003714314,CU2B4O7#1; CUB2O4#1,CUB2O4#1,-245349.96003714314,-67077.64455849766,-295256.90740000026,-54519.3188180977,-54.5193188180977,
1325,1051.85,CuB2O4,copper borate,B2O3,Cu + B2O3 + 0.5 O2 -> CuB2O4,-246716.5259392951,GAS#1; IONIC_LIQ#2,,,-68905.00073198564,-301584.90968965547,-53054.238035293994,-53.05423803529399,
1350,1076.85,CuB2O4,copper borate,B2O3,Cu + B2O3 + 0.5 O2 -> CuB2O4,-248297.82874989815,GAS#1; IONIC_LIQ#2,,,-70746.38367789735,-307929.9322742684,-53009.00590382819,-53.00900590382819,
1375,1101.85,CuB2O4,copper borate,B2O3,Cu + B2O3 + 0.5 O2 -> CuB2O4,-249890.6950815506,GAS#1; IONIC_LIQ#2,,,-72772.06948795723,-314291.69436800526,-52792.42895349278,-52.79242895349278,
1400,1126.85,CuB2O4,copper borate,B2O3,Cu + B2O3 + 0.5 O2 -> CuB2O4,-251494.92258262288,GAS#1; IONIC_LIQ#2,,,-74885.75572616636,-320669.92478441016,-52500.641035510926,-52.500641035510924,
1425,1151.85,CuB2O4,copper borate,B2O3,Cu + B2O3 + 0.5 O2 -> CuB2O4,-253110.3163296695,GAS#1; IONIC_LIQ#2,,,-77013.45059169814,-327064.36151987896,-52207.47156584705,-52.20747156584705,
1450,1176.85,CuB2O4,copper borate,B2O3,Cu + B2O3 + 0.5 O2 -> CuB2O4,-254736.68846159094,GAS#1; IONIC_LIQ#2,,,-79154.90829742474,-333474.75137103954,-51913.0100464439,-51.9130100464439,
1475,1201.85,CuB2O4,copper borate,B2O3,Cu + B2O3 + 0.5 O2 -> CuB2O4,-256373.85787266472,GAS#1; IONIC_LIQ#2,,,-81309.89153286346,-339900.8495856955,-51617.34373214329,-51.61734373214329,
1500,1226.85,CuB2O4,copper borate,B2O3,Cu + B2O3 + 0.5 O2 -> CuB2O4,-258021.649970585,GAS#1; IONIC_LIQ#2,,,-83478.17103307633,-346342.4195472346,-51320.55847963202,-51.32055847963202,
1525,1251.85,CuB2O4,copper borate,B2O3,Cu + B2O3 + 0.5 O2 -> CuB2O4,-259679.89650815315,GAS#1; IONIC_LIQ#2,,,-85659.52517631663,-352799.2324926415,-51022.73992920527,-51.02273992920527,
1550,1276.85,CuB2O4,copper borate,B2O3,Cu + B2O3 + 0.5 O2 -> CuB2O4,-261348.435500141,GAS#1; IONIC_LIQ#2,,,-87853.73960806547,-359271.06726446614,-50723.975114004454,-50.72397511400445,
1575,1301.85,CuB2O4,copper borate,B2O3,Cu + B2O3 + 0.5 O2 -> CuB2O4,-263027.111240398,GAS#1; IONIC_LIQ#2,,,-90060.60688932937,-365757.7100973009,-50424.354614623124,-50.42435461462313,
1600,1326.85,CuB2O4,copper borate,B2O3,Cu + B2O3 + 0.5 O2 -> CuB2O4,-264715.77443801734,GAS#1; IONIC_LIQ#2,,,-92279.92616727331,-372258.95443950023,-50123.975401843665,-50.123975401843666,
1625,1351.85,CuB2O4,copper borate,B2O3,Cu + B2O3 + 0.5 O2 -> CuB2O4,-266414.282496091,GAS#1; IONIC_LIQ#2,,,-94511.50286644344,-378774.60081102635,-49822.944542005425,-49.82294454200542,
1650,1376.85,CuB2O4,copper borate,B2O3,Cu + B2O3 + 0.5 O2 -> CuB2O4,-268122.499961752,GAS#1; IONIC_LIQ#2,,,-96755.14839899541,-385304.45669843507,-49521.383974596625,-49.521383974596624,
1675,1401.85,CuB2O4,copper borate,B2O3,Cu + B2O3 + 0.5 O2 -> CuB2O4,-269840.29918231076,GAS#1; IONIC_LIQ#2,,,-99010.67989248801,-391848.33648811927,-49219.43661346845,-49.21943661346845,
1700,1426.85,CuB2O4,copper borate,B2O3,Cu + B2O3 + 0.5 O2 -> CuB2O4,-271567.5612094605,GAS#1; IONIC_LIQ#2,,,-101277.91993393125,-398406.06143899396,-48917.27407235815,-48.917274072358154,
1725,1451.85,CuB2O4,copper borate,B2O3,Cu + B2O3 + 0.5 O2 -> CuB2O4,-273304.1770020156,GAS#1; IONIC_LIQ#2,,,-103556.69632889348,-404977.4596958644,-48615.106374051655,-48.615106374051656,
1750,1476.85,CuB2O4,copper borate,B2O3,Cu + B2O3 + 0.5 O2 -> CuB2O4,-275050.04898797796,GAS#1; IONIC_LIQ#2,,,-105846.8418745748,-411562.36634471465,-48313.194074165775,-48.31319407416577,
1775,1501.85,CuB2O4,copper borate,B2O3,Cu + B2O3 + 0.5 O2 -> CuB2O4,-276805.09305976034,GAS#1; IONIC_LIQ#2,,,-108148.19414585167,-418160.6235111601,-48011.86332107941,-48.01186332107941,
1800,1526.85,CuB2O4,copper borate,B2O3,Cu + B2O3 + 0.5 O2 -> CuB2O4,-278569.2410931564,GAS#1; IONIC_LIQ#2,,,-110460.5952933756,-424772.08050325216,-47711.52449032571,-47.711524490325715,
1825,1551.85,CuB2O4,copper borate,B2O3,Cu + B2O3 + 0.5 O2 -> CuB2O4,-280342.44410317065,GAS#1; IONIC_LIQ#2,,,-112783.89185289193,-431396.5939997618,-47412.69518882246,-47.41269518882246,
1850,1576.85,CuB2O4,copper borate,B2O3,Cu + B2O3 + 0.5 O2 -> CuB2O4,-282124.67618095526,GAS#1; IONIC_LIQ#2,,,-115117.93456500792,-438034.02828497055,-47116.02864171588,-47.11602864171588,
1875,1601.85,CuB2O4,copper borate,B2O3,Cu + B2O3 + 0.5 O2 -> CuB2O4,-283915.9394001662,GAS#1; IONIC_LIQ#2,,,-117462.5782047046,-444684.2555308836,-46822.34878239827,-46.82234878239827,
1900,1626.85,CuB2O4,copper borate,B2O3,Cu + B2O3 + 0.5 O2 -> CuB2O4,-285716.26994506014,GAS#1; IONIC_LIQ#2,,,-119817.68141994256,-451347.15612763376,-46532.693813735386,-46.532693813735385,
800,526.85,CuAl2O4,copper aluminate spinel,Al2O3,Cu + Al2O3 + 0.5 O2 -> CuAl2O4,-278767.02549208037,CUO#1; SPINEL#1,SPINEL#1,-278767.0287143622,-33912.572992159054,-172813.30445913016,-86817.67041416233,-86.81767041416234,
825,551.85,CuAl2O4,copper aluminate spinel,Al2O3,Cu + Al2O3 + 0.5 O2 -> CuAl2O4,-279695.8237224746,CUO#1; DELAFOSSITE#1; SPINEL#1,SPINEL#1,-279695.8289010452,-35395.607383403396,-178721.68953887446,-85012.3883573215,-85.0123883573215,
850,576.85,CuAl2O4,copper aluminate spinel,Al2O3,Cu + Al2O3 + 0.5 O2 -> CuAl2O4,-280644.0540868382,CUO#1; SPINEL#1,SPINEL#1,-280644.06218277896,-36899.715722671725,-184655.7645699373,-83217.67686439888,-83.21767686439888,
875,601.85,CuAl2O4,copper aluminate spinel,Al2O3,Cu + Al2O3 + 0.5 O2 -> CuAl2O4,-281611.27718264697,CUO#1; DELAFOSSITE#1; SPINEL#1,SPINEL#1,-281611.2895254607,-38424.35858530019,-190614.89178587476,-81433.53104731208,-81.43353104731207,
900,626.85,CuAl2O4,copper aluminate spinel,Al2O3,Cu + Al2O3 + 0.5 O2 -> CuAl2O4,-282597.07494823105,CUO#1; SPINEL#1,SPINEL#1,-282597.0933397244,-39969.02623895592,-196598.46464191502,-79659.94694975438,-79.65994694975437,
925,651.85,CuAl2O4,copper aluminate spinel,Al2O3,Cu + Al2O3 + 0.5 O2 -> CuAl2O4,-283601.04915703926,CUO#1; SPINEL#1,SPINEL#1,-283601.0759906468,-41533.23626680579,-202605.90531063377,-77896.92090807017,-77.89692090807017,
950,676.85,CuAl2O4,copper aluminate spinel,Al2O3,Cu + Al2O3 + 0.5 O2 -> CuAl2O4,-284622.8200331785,CUO#1; DELAFOSSITE#1; SPINEL#1,SPINEL#1,-284622.8584384842,-43116.53145504323,-208636.66243571485,-76144.44899152103,-76.14444899152103,
975,701.85,CuAl2O4,copper aluminate spinel,Al2O3,Cu + Al2O3 + 0.5 O2 -> CuAl2O4,-285662.0249615015,CUO#1; SPINEL#1,SPINEL#1,-285662.0789633388,-44718.47791456392,-214690.20911176843,-74402.52638451988,-74.40252638451987,
1000,726.85,CuAl2O4,copper aluminate spinel,Al2O3,Cu + Al2O3 + 0.5 O2 -> CuAl2O4,-286718.3173032504,CUO#1; SPINEL#1,SPINEL#1,-286718.3920044892,-46338.66341131481,-220766.04114120515,-72671.14679903863,-72.67114679903862,
1025,751.85,CuAl2O4,copper aluminate spinel,Al2O3,Cu + Al2O3 + 0.5 O2 -> CuAl2O4,-287791.36529832246,CUO#1; SPINEL#1,SPINEL#1,-287791.4670832363,-47976.695883677894,-226863.6755149924,-70950.30184834264,-70.95030184834265,
1050,776.85,CuAl2O4,copper aluminate spinel,Al2O3,Cu + Al2O3 + 0.5 O2 -> CuAl2O4,-288880.8510506636,CUO#1; SPINEL#1,SPINEL#1,-288880.98780920275,-49632.20212835616,-232982.6508510953,-69239.97952717147,-69.23997952717147,
1075,801.85,CuAl2O4,copper aluminate spinel,Al2O3,Cu + Al2O3 + 0.5 O2 -> CuAl2O4,-289986.4695895191,CUO#1; SPINEL#1,SPINEL#1,-289986.650961961,-51304.826638688035,-239122.52479410844,-67540.16428186651,-67.54016428186651,
1100,826.85,CuAl2O4,copper aluminate spinel,Al2O3,Cu + Al2O3 + 0.5 O2 -> CuAl2O4,-291107.9280003334,CUO#1; SPINEL#1,SPINEL#1,-291108.16564117785,-52994.23058128006,-245282.87268568174,-65850.83650555206,-65.85083650555205,
1125,851.85,CuAl2O4,copper aluminate spinel,Al2O3,Cu + Al2O3 + 0.5 O2 -> CuAl2O4,-292244.94461969024,CUO#1; DELAFOSSITE#1; SPINEL#1,SPINEL#1,-292245.2524791511,-54700.09089837695,-251463.28663008843,-64171.97188917664,-64.17197188917663,
1150,876.85,CuAl2O4,copper aluminate spinel,Al2O3,Cu + Al2O3 + 0.5 O2 -> CuAl2O4,-293397.2482892291,CUO#1; SPINEL#1,SPINEL#1,-293397.6429100106,-56422.09952457435,-257663.3746140724,-62503.54079380608,-62.50354079380608,
1175,901.85,CuAl2O4,copper aluminate spinel,Al2O3,Cu + Al2O3 + 0.5 O2 -> CuAl2O4,-294564.5776640232,CUO#1; SPINEL#1,SPINEL#1,-294565.0784903746,-58159.96270739576,-263882.75967895094,-60845.507642111275,-60.84550764211127,
1200,926.85,CuAl2O4,copper aluminate spinel,Al2O3,Cu + Al2O3 + 0.5 O2 -> CuAl2O4,-295746.680571439,CUO#1; SPINEL#1,SPINEL#1,-295747.3102666997,-59913.400421959326,-270121.07914274716,-59197.83032918279,-59.19783032918279,
1225,951.85,CuAl2O4,copper aluminate spinel,Al2O3,Cu + Al2O3 + 0.5 O2 -> CuAl2O4,-296943.31341696106,CUO#1; DELAFOSSITE#1; SPINEL#1,SPINEL#1,-296944.0981850012,-61682.145870512795,-276377.98387004976,-57560.45965444809,-57.56045965444809,
1250,976.85,CuAl2O4,copper aluminate spinel,Al2O3,Cu + Al2O3 + 0.5 O2 -> CuAl2O4,-298154.24063391826,CUO#1; DELAFOSSITE#1; SPINEL#1,SPINEL#1,-298155.2105390316,-63465.94505805945,-282653.13758733065,-55933.338778071804,-55.93333877807181,
1275,1001.85,CuAl2O4,copper aluminate spinel,Al2O3,Cu + Al2O3 + 0.5 O2 -> CuAl2O4,-299379.2341744484,CUO#1; DELAFOSSITE#1; SPINEL#1,SPINEL#1,-299380.42345342424,-65264.54417152417,-288946.21624154574,-54316.4149707281,-54.316414970728104,
1300,1026.85,CuAl2O4,copper aluminate spinel,Al2O3,Cu + Al2O3 + 0.5 O2 -> CuAl2O4,-300618.0730393794,CUO#1; CUPRITE#1; SPINEL#1,SPINEL#1,-300619.5203986635,-67077.64455849766,-295256.90740000026,-52709.68385828682,-52.70968385828682,
1325,1051.85,CuAl2O4,copper aluminate spinel,Al2O3,Cu + Al2O3 + 0.5 O2 -> CuAl2O4,-301870.5428450139,CUO#1; IONIC_LIQ#2; SPINEL#1,SPINEL#1,-301872.2917352055,-68905.00073198564,-301584.90968965547,-51113.090733647114,-51.11309073364711,
1350,1076.85,CuAl2O4,copper aluminate spinel,Al2O3,Cu + Al2O3 + 0.5 O2 -> CuAl2O4,-303136.4354250439,CUO#1; SPINEL#1,SPINEL#1,-303138.5342843889,-70746.38367789735,-307929.9322742684,-49526.56665831944,-49.52656665831944,
1375,1101.85,CuAl2O4,copper aluminate spinel,Al2O3,Cu + Al2O3 + 0.5 O2 -> CuAl2O4,-304415.56374252366,GAS#1; IONIC_LIQ#2; SPINEL#1,SPINEL#1,-304419.88356170786,-72772.06948795723,-314291.69436800526,-47779.64626627695,-47.77964626627695,
1400,1126.85,CuAl2O4,copper aluminate spinel,Al2O3,Cu + Al2O3 + 0.5 O2 -> CuAl2O4,-305707.7411816624,GAS#1; IONIC_LIQ#2; SPINEL#1,SPINEL#1,-305717.21610171325,-74885.75572616636,-320669.92478441016,-45968.408360122005,-45.968408360122005,
1425,1151.85,CuAl2O4,copper aluminate spinel,Al2O3,Cu + Al2O3 + 0.5 O2 -> CuAl2O4,-307012.8033880739,GAS#1; IONIC_LIQ#2; SPINEL#1,SPINEL#1,-307033.2555108161,-77013.45059169814,-327064.36151987896,-44166.74142602412,-44.16674142602412,
1450,1176.85,CuAl2O4,copper aluminate spinel,Al2O3,Cu + Al2O3 + 0.5 O2 -> CuAl2O4,-308330.62413490476,GAS#1; IONIC_LIQ#2; SPINEL#1,SPINEL#1,-308374.1417581571,-79154.90829742474,-333474.75137103954,-42375.02099830052,-42.37502099830052,
1475,1201.85,CuAl2O4,copper aluminate spinel,Al2O3,Cu + Al2O3 + 0.5 O2 -> CuAl2O4,-309661.14790880005,GAS#1; IONIC_LIQ#2; SPINEL#1,SPINEL#1,-309752.5380302933,-81309.89153286346,-339900.8495856955,-40594.076869886834,-40.594076869886834,
1500,1226.85,CuAl2O4,copper aluminate spinel,Al2O3,Cu + Al2O3 + 0.5 O2 -> CuAl2O4,-311004.45962586644,GAS#1; IONIC_LIQ#2; SPINEL#1,SPINEL#1,-311194.0139502409,-83478.17103307633,-346342.4195472346,-38825.67997995438,-38.82567997995438,
1525,1251.85,CuAl2O4,copper aluminate spinel,Al2O3,Cu + Al2O3 + 0.5 O2 -> CuAl2O4,-312360.9225876712,GAS#1; IONIC_LIQ#2; SPINEL#1,SPINEL#1,-312749.1920543004,-85659.52517631663,-352799.2324926415,-37073.522399041336,-37.07352239904134,
1550,1276.85,CuAl2O4,copper aluminate spinel,Al2O3,Cu + Al2O3 + 0.5 O2 -> CuAl2O4,-313731.4546599334,GAS#1; IONIC_LIQ#2; SPINEL#1,SPINEL#1,-314516.4029514567,-87853.73960806547,-359271.06726446614,-35345.136499626096,-35.34513649962609,
1575,1301.85,CuAl2O4,copper aluminate spinel,Al2O3,Cu + Al2O3 + 0.5 O2 -> CuAl2O4,-315267.58194356103,CORUNDUM#1; GAS#1; IONIC_LIQ#2,,,-90060.60688932937,-365757.7100973009,-34701.74227379635,-34.70174227379635,
1600,1326.85,CuAl2O4,copper aluminate spinel,Al2O3,Cu + Al2O3 + 0.5 O2 -> CuAl2O4,-316858.10426514415,CORUNDUM#1; GAS#1; IONIC_LIQ#2,,,-92279.92616727331,-372258.95443950023,-34366.378364969045,-34.366378364969044,
1625,1351.85,CuAl2O4,copper aluminate spinel,Al2O3,Cu + Al2O3 + 0.5 O2 -> CuAl2O4,-318460.97061502124,CORUNDUM#1; GAS#1; IONIC_LIQ#2,,,-94511.50286644344,-378774.60081102635,-34045.857975563034,-34.04585797556303,
1650,1376.85,CuAl2O4,copper aluminate spinel,Al2O3,Cu + Al2O3 + 0.5 O2 -> CuAl2O4,-320076.14155164344,CORUNDUM#1; GAS#1; IONIC_LIQ#2,,,-96755.14839899541,-385304.45669843507,-33740.89685786236,-33.74089685786236,
1675,1401.85,CuAl2O4,copper aluminate spinel,Al2O3,Cu + Al2O3 + 0.5 O2 -> CuAl2O4,-321703.6167672864,CORUNDUM#1; GAS#1; IONIC_LIQ#2,,,-99010.67989248801,-391848.33648811927,-33452.457228876185,-33.452457228876185,
1700,1426.85,CuAl2O4,copper aluminate spinel,Al2O3,Cu + Al2O3 + 0.5 O2 -> CuAl2O4,-323343.44054842606,CORUNDUM#1; GAS#1; IONIC_LIQ#2,,,-101277.91993393125,-398406.06143899396,-33181.78676280845,-33.18178676280845,
1725,1451.85,CuAl2O4,copper aluminate spinel,Al2O3,Cu + Al2O3 + 0.5 O2 -> CuAl2O4,-324995.7080816175,CORUNDUM#1; GAS#1; IONIC_LIQ#2,,,-103556.69632889348,-404977.4596958644,-32930.46345427539,-32.93046345427539,
1750,1476.85,CuAl2O4,copper aluminate spinel,Al2O3,Cu + Al2O3 + 0.5 O2 -> CuAl2O4,-326660.5729388642,CORUNDUM#1; GAS#1; IONIC_LIQ#2,,,-105846.8418745748,-411562.36634471465,-32700.44868837949,-32.70044868837949,
1775,1501.85,CuAl2O4,copper aluminate spinel,Al2O3,Cu + Al2O3 + 0.5 O2 -> CuAl2O4,-328338.2562315709,CORUNDUM#1; GAS#1; IONIC_LIQ#2,,,-108148.19414585167,-418160.6235111601,-32494.15193908708,-32.49415193908708,
1800,1526.85,CuAl2O4,copper aluminate spinel,Al2O3,Cu + Al2O3 + 0.5 O2 -> CuAl2O4,-330029.05815735215,CORUNDUM#1; GAS#1; IONIC_LIQ#2,,,-110460.5952933756,-424772.08050325216,-32314.51216300158,-32.31451216300158,
1825,1551.85,CuAl2O4,copper aluminate spinel,Al2O3,Cu + Al2O3 + 0.5 O2 -> CuAl2O4,-331733.37300162925,CORUNDUM#1; GAS#1; IONIC_LIQ#2,,,-112783.89185289193,-431396.5939997618,-32165.10331816366,-32.16510331816366,
1850,1576.85,CuAl2O4,copper aluminate spinel,Al2O3,Cu + Al2O3 + 0.5 O2 -> CuAl2O4,-333451.70910648396,CORUNDUM#1; GAS#1; IONIC_LIQ#2,,,-115117.93456500792,-438034.02828497055,-32050.274589867797,-32.0502745898678,
1875,1601.85,CuAl2O4,copper aluminate spinel,Al2O3,Cu + Al2O3 + 0.5 O2 -> CuAl2O4,-335184.71586433804,CORUNDUM#1; GAS#1; IONIC_LIQ#2,,,-117462.5782047046,-444684.2555308836,-31975.33971936349,-31.97533971936349,
1900,1626.85,CuAl2O4,copper aluminate spinel,Al2O3,Cu + Al2O3 + 0.5 O2 -> CuAl2O4,-336933.2203435318,CORUNDUM#1; GAS#1; IONIC_LIQ#2,,,-119817.68141994256,-451347.15612763376,-31946.83367608534,-31.94683367608534,
