T_K,T_C,oxide,product,product_name,reaction,GM_system_product,stable_phases,ternary_phase_found,GM_ternary_phase,G_Cu_metal,G_O2,dG_rxn_system_J,dG_rxn_system_kJ,notes
800,526.85,Al2O3,CuAl2O4,copper aluminate spinel,Cu + Al2O3 + 0.5 O2 -> CuAl2O4,-278767.02549208037,CUO#1; SPINEL#1,SPINEL#1,-278767.0287143622,-33912.572992159054,-172813.30445913016,-86817.67041416233,-86.81767041416234,
850,576.85,Al2O3,CuAl2O4,copper aluminate spinel,Cu + Al2O3 + 0.5 O2 -> CuAl2O4,-280644.0540868382,CUO#1; SPINEL#1,SPINEL#1,-280644.06218277896,-36899.715722671725,-184655.7645699373,-83217.67686439888,-83.21767686439888,
900,626.85,Al2O3,CuAl2O4,copper aluminate spinel,Cu + Al2O3 + 0.5 O2 -> CuAl2O4,-282597.07494823105,CUO#1; SPINEL#1,SPINEL#1,-282597.0933397244,-39969.02623895592,-196598.46464191502,-79659.94694975438,-79.65994694975437,
950,676.85,Al2O3,CuAl2O4,copper aluminate spinel,Cu + Al2O3 + 0.5 O2 -> CuAl2O4,-284622.8200331785,CUO#1; DELAFOSSITE#1; SPINEL#1,SPINEL#1,-284622.8584384842,-43116.53145504323,-208636.66243571485,-76144.44899152103,-76.14444899152103,
1000,726.85,Al2O3,CuAl2O4,copper aluminate spinel,Cu + Al2O3 + 0.5 O2 -> CuAl2O4,-286718.3173032504,CUO#1; SPINEL#1,SPINEL#1,-286718.3920044892,-46338.66341131481,-220766.04114120515,-72671.14679903863,-72.67114679903862,
1050,776.85,Al2O3,CuAl2O4,copper aluminate spinel,Cu + Al2O3 + 0.5 O2 -> CuAl2O4,-288880.8510506636,CUO#1; SPINEL#1,SPINEL#1,-288880.98780920275,-49632.20212835616,-232982.6508510953,-69239.97952717147,-69.23997952717147,
1100,826.85,Al2O3,CuAl2O4,copper aluminate spinel,Cu + Al2O3 + 0.5 O2 -> CuAl2O4,-291107.9280003334,CUO#1; SPINEL#1,SPINEL#1,-291108.16564117785,-52994.23058128006,-245282.87268568174,-65850.83650555206,-65.85083650555205,
1150,876.85,Al2O3,CuAl2O4,copper aluminate spinel,Cu + Al2O3 + 0.5 O2 -> CuAl2O4,-293397.2482892291,CUO#1; SPINEL#1,SPINEL#1,-293397.6429100106,-56422.09952457435,-257663.3746140724,-62503.54079380608,-62.50354079380608,
1200,926.85,Al2O3,CuAl2O4,copper aluminate spinel,Cu + Al2O3 + 0.5 O2 -> CuAl2O4,-295746.680571439,CUO#1; SPINEL#1,SPINEL#1,-295747.3102666997,-59913.400421959326,-270121.07914274716,-59197.83032918279,-59.19783032918279,
1250,976.85,Al2O3,CuAl2O4,copper aluminate spinel,Cu + Al2O3 + 0.5 O2 -> CuAl2O4,-298154.24063391826,CUO#1; DELAFOSSITE#1; SPINEL#1,SPINEL#1,-298155.2105390316,-63465.94505805945,-282653.13758733065,-55933.338778071804,-55.93333877807181,
1300,1026.85,Al2O3,CuAl2O4,copper aluminate spinel,Cu + Al2O3 + 0.5 O2 -> CuAl2O4,-300618.0730393794,CUO#1; CUPRITE#1; SPINEL#1,SPINEL#1,-300619.5203986635,-67077.64455849766,-295256.90740000026,-52709.68385828682,-52.70968385828682,
1350,1076.85,Al2O3,CuAl2O4,copper aluminate spinel,Cu + Al2O3 + 0.5 O2 -> CuAl2O4,-303136.4354250439,CUO#1; SPINEL#1,SPINEL#1,-303138.5342843889,-70746.38367789735,-307929.9322742684,-49526.56665831944,-49.52656665831944,
1400,1126.85,Al2O3,CuAl2O4,copper aluminate spinel,Cu + Al2O3 + 0.5 O2 -> CuAl2O4,-305707.7411816624,GAS#1; IONIC_LIQ#2; SPINEL#1,SPINEL#1,-305717.21610171325,-74885.75572616636,-320669.92478441016,-45968.408360122005,-45.968408360122005,
1450,1176.85,Al2O3,CuAl2O4,copper aluminate spinel,Cu + Al2O3 + 0.5 O2 -> CuAl2O4,-308330.62413490476,GAS#1; IONIC_LIQ#2; SPINEL#1,SPINEL#1,-308374.1417581571,-79154.90829742474,-333474.75137103954,-42375.02099830052,-42.37502099830052,
1500,1226.85,Al2O3,CuAl2O4,copper aluminate spinel,Cu + Al2O3 + 0.5 O2 -> CuAl2O4,-311004.45962586644,GAS#1; IONIC_LIQ#2; SPINEL#1,SPINEL#1,-311194.0139502409,-83478.17103307633,-346342.4195472346,-38825.67997995438,-38.82567997995438,
1550,1276.85,Al2O3,CuAl2O4,copper aluminate spinel,Cu + Al2O3 + 0.5 O2 -> CuAl2O4,-313731.4546599334,GAS#1; IONIC_LIQ#2; SPINEL#1,SPINEL#1,-314516.4029514567,-87853.73960806547,-359271.06726446614,-35345.136499626096,-35.34513649962609,
1600,1326.85,Al2O3,CuAl2O4,copper aluminate spinel,Cu + Al2O3 + 0.5 O2 -> CuAl2O4,-316858.10426514415,CORUNDUM#1; GAS#1; IONIC_LIQ#2,,,-92279.92616727331,-372258.95443950023,-34366.378364969045,-34.366378364969044,
1650,1376.85,Al2O3,CuAl2O4,copper aluminate spinel,Cu + Al2O3 + 0.5 O2 -> CuAl2O4,-320076.14155164344,CORUNDUM#1; GAS#1; IONIC_LIQ#2,,,-96755.14839899541,-385304.45669843507,-33740.89685786236,-33.74089685786236,
1700,1426.85,Al2O3,CuAl2O4,copper aluminate spinel,Cu + Al2O3 + 0.5 O2 -> CuAl2O4,-323343.44054842606,CORUNDUM#1; GAS#1; IONIC_LIQ#2,,,-101277.91993393125,-398406.06143899396,-33181.78676280845,-33.18178676280845,
1750,1476.85,Al2O3,CuAl2O4,copper aluminate spinel,Cu + Al2O3 + 0.5 O2 -> CuAl2O4,-326660.5729388642,CORUNDUM#1; GAS#1; IONIC_LIQ#2,,,-105846.8418745748,-411562.36634471465,-32700.44868837949,-32.70044868837949,
1800,1526.85,Al2O3,CuAl2O4,copper aluminate spinel,Cu + Al2O3 + 0.5 O2 -> CuAl2O4,-330029.05815735215,CORUNDUM#1; GAS#1; IONIC_LIQ#2,,,-110460.5952933756,-424772.08050325216,-32314.51216300158,-32.31451216300158,
1850,1576.85,Al2O3,CuAl2O4,copper aluminate spinel,Cu + Al2O3 + 0.5 O2 -> CuAl2O4,-333451.70910648396,CORUNDUM#1; GAS#1; IONIC_LIQ#2,,,-115117.93456500792,-438034.02828497055,-32050.274589867797,-32.0502745898678,
1900,1626.85,Al2O3,CuAl2O4,copper aluminate spinel,Cu + Al2O3 + 0.5 O2 -> CuAl2O4,-336933.2203435318,CORUNDUM#1; GAS#1; IONIC_LIQ#2,,,-119817.68141994256,-451347.15612763376,-31946.83367608534,-31.94683367608534,
800,526.85,Al2O3,CuAlO2,delafossite,Cu + 0.5 Al2O3 + 0.25 O2 -> CuAlO2,-252091.57206903602,DELAFOSSITE#1,DELAFOSSITE#1,-252091.57206903602,-33912.572992159054,-172813.30445913016,-59134.24776486447,-59.13424776486447,
850,576.85,Al2O3,CuAlO2,delafossite,Cu + 0.5 Al2O3 + 0.25 O2 -> CuAlO2,-254136.64087328684,CORUNDUM#1; DELAFOSSITE#1,DELAFOSSITE#1,-254136.64087328684,-36899.715722671725,-184655.7645699373,-57451.3547600772,-57.4513547600772,
900,626.85,Al2O3,CuAlO2,delafossite,Cu + 0.5 Al2O3 + 0.25 O2 -> CuAlO2,-256255.35009512244,CORUNDUM#1; DELAFOSSITE#1,DELAFOSSITE#1,-256255.35009512244,-39969.02623895592,-196598.46464191502,-55777.09841708036,-55.77709841708036,
950,676.85,Al2O3,CuAlO2,delafossite,Cu + 0.5 Al2O3 + 0.25 O2 -> CuAlO2,-258444.34187767492,CORUNDUM#1; DELAFOSSITE#1,DELAFOSSITE#1,-258444.34187767492,-43116.53145504323,-208636.66243571485,-54111.45616281382,-54.111456162813816,
1000,726.85,Al2O3,CuAlO2,delafossite,Cu + 0.5 Al2O3 + 0.25 O2 -> CuAlO2,-260700.57154177426,CORUNDUM#1; DELAFOSSITE#1; SPINEL#1,DELAFOSSITE#1,-260700.57154177423,-46338.66341131481,-220766.04114120515,-52454.41729958251,-52.45441729958251,
1050,776.85,Al2O3,CuAlO2,delafossite,Cu + 0.5 Al2O3 + 0.25 O2 -> CuAlO2,-263021.2675897802,CORUNDUM#1; DELAFOSSITE#1; SPINEL#1,DELAFOSSITE#1,-263021.2675897802,-49632.20212835616,-232982.6508510953,-50805.980381205794,-50.80598038120579,
1100,826.85,Al2O3,CuAlO2,delafossite,Cu + 0.5 Al2O3 + 0.25 O2 -> CuAlO2,-265403.8977758988,CORUNDUM#1; DELAFOSSITE#1,DELAFOSSITE#1,-265403.8977758988,-52994.23058128006,-245282.87268568174,-49166.14606456424,-49.16614606456424,
1150,876.85,Al2O3,CuAlO2,delafossite,Cu + 0.5 Al2O3 + 0.25 O2 -> CuAlO2,-267846.1402608497,CORUNDUM#1; DELAFOSSITE#1,DELAFOSSITE#1,-267846.1402608497,-56422.09952457435,-257663.3746140724,-47534.91266571265,-47.534912665712646,
1200,926.85,Al2O3,CuAlO2,delafossite,Cu + 0.5 Al2O3 + 0.25 O2 -> CuAlO2,-270345.8590114672,DELAFOSSITE#1,DELAFOSSITE#1,-270345.8590114672,-59913.400421959326,-270121.07914274716,-45912.26899944409,-45.91226899944409,
1250,976.85,Al2O3,CuAlO2,delafossite,Cu + 0.5 Al2O3 + 0.25 O2 -> CuAlO2,-272901.0827425867,CORUNDUM#1; DELAFOSSITE#1,DELAFOSSITE#1,-272901.0827425867,-63465.94505805945,-282653.13758733065,-44298.18561163894,-44.29818561163894,
1300,1026.85,Al2O3,CuAlO2,delafossite,Cu + 0.5 Al2O3 + 0.25 O2 -> CuAlO2,-275509.98681914154,DELAFOSSITE#1,DELAFOSSITE#1,-275509.98681914154,-67077.64455849766,-295256.90740000026,-42692.71128863306,-42.692711288633056,
1350,1076.85,Al2O3,CuAlO2,delafossite,Cu + 0.5 Al2O3 + 0.25 O2 -> CuAlO2,-278170.8776385138,DELAFOSSITE#1; IONIC_LIQ#2,DELAFOSSITE#1,-278170.8776385141,-70746.38367789735,-307929.9322742684,-41096.07805661252,-41.09607805661252,
1400,1126.85,Al2O3,CuAlO2,delafossite,Cu + 0.5 Al2O3 + 0.25 O2 -> CuAlO2,-280882.17909788317,DELAFOSSITE#1; IONIC_LIQ#1,DELAFOSSITE#1,-280882.17909788317,-74885.75572616636,-320669.92478441016,-39092.948572691996,-39.092948572691995,
1450,1176.85,Al2O3,CuAlO2,delafossite,Cu + 0.5 Al2O3 + 0.25 O2 -> CuAlO2,-283642.4208207928,DELAFOSSITE#1; IONIC_LIQ#1,DELAFOSSITE#1,-283642.4208207928,-79154.90829742474,-333474.75137103954,-37022.555161442375,-37.02255516144238,
1500,1226.85,Al2O3,CuAlO2,delafossite,Cu + 0.5 Al2O3 + 0.25 O2 -> CuAlO2,-286450.2282521239,DELAFOSSITE#1,DELAFOSSITE#1,-286450.2282521239,-83478.17103307633,-346342.4195472346,-34959.05879140203,-34.95905879140203,
1550,1276.85,Al2O3,CuAlO2,delafossite,Cu + 0.5 Al2O3 + 0.25 O2 -> CuAlO2,-289304.31156666507,DELAFOSSITE#1,DELAFOSSITE#1,-289304.31156666507,-87853.73960806547,-359271.06726446614,-32902.8534026735,-32.9028534026735,
1600,1326.85,Al2O3,CuAlO2,delafossite,Cu + 0.5 Al2O3 + 0.25 O2 -> CuAlO2,-292457.70388335356,CORUNDUM#1; IONIC_LIQ#1; IONIC_LIQ#2,,,-92279.92616727331,-372258.95443950023,-31870.676704257494,-31.870676704257495,
1650,1376.85,Al2O3,CuAlO2,delafossite,Cu + 0.5 Al2O3 + 0.25 O2 -> CuAlO2,-295782.5824260045,CORUNDUM#1; IONIC_LIQ#1; IONIC_LIQ#2,,,-96755.14839899541,-385304.45669843507,-31356.70850269962,-31.35670850269962,
1700,1426.85,Al2O3,CuAlO2,delafossite,Cu + 0.5 Al2O3 + 0.25 O2 -> CuAlO2,-299158.30138898053,CORUNDUM#1; IONIC_LIQ#1; IONIC_LIQ#2,,,-101277.91993393125,-398406.06143899396,-30883.09705086937,-30.88309705086937,
1750,1476.85,Al2O3,CuAlO2,delafossite,Cu + 0.5 Al2O3 + 0.25 O2 -> CuAlO2,-302586.08741296706,CORUNDUM#1; IONIC_LIQ#1; IONIC_LIQ#2,,,-105846.8418745748,-411562.36634471465,-30459.147772745928,-30.45914777274593,
1800,1526.85,Al2O3,CuAlO2,delafossite,Cu + 0.5 Al2O3 + 0.25 O2 -> CuAlO2,-306068.43445306696,CORUNDUM#1; IONIC_LIQ#1; IONIC_LIQ#2,,,-110460.5952933756,-424772.08050325216,-30098.992696348345,-30.098992696348343,
1850,1576.85,Al2O3,CuAlO2,delafossite,Cu + 0.5 Al2O3 + 0.25 O2 -> CuAlO2,-309609.5970078569,CORUNDUM#1; IONIC_LIQ#1; IONIC_LIQ#2,,,-115117.93456500792,-438034.02828497055,-29823.576171163702,-29.8235761711637,
1900,1626.85,Al2O3,CuAlO2,delafossite,Cu + 0.5 Al2O3 + 0.25 O2 -> CuAlO2,-313216.3138381687,CORUNDUM#1; IONIC_LIQ#1; IONIC_LIQ#2,,,-119817.68141994256,-451347.15612763376,-29663.560278384946,-29.663560278384946,
800,526.85,Cr2O3,CuCr2O4,copper chromite spinel,Cu + Cr2O3 + 0.5 O2 -> CuCr2O4,-206564.8064567802,ALPHA_SPINEL#1; DELAFOSSITE#1,ALPHA_SPINEL#1,-206564.80645678026,-33912.572992159054,-172813.30445913016,-98629.96735549439,-98.62996735549439,
850,576.85,Cr2O3,CuCr2O4,copper chromite spinel,Cu + Cr2O3 + 0.5 O2 -> CuCr2O4,-208606.3353328709,ALPHA_SPINEL#1; DELAFOSSITE#1,ALPHA_SPINEL#1,-208606.33533287095,-36899.715722671725,-184655.7645699373,-94000.50497359829,-94.0005049735983,
900,626.85,Cr2O3,CuCr2O4,copper chromite spinel,Cu + Cr2O3 + 0.5 O2 -> CuCr2O4,-210808.87534281952,SPINEL#1,SPINEL#1,-210808.87534281955,-39969.02623895592,-196598.46464191502,-89997.64154033037,-89.99764154033036,
950,676.85,Cr2O3,CuCr2O4,copper chromite spinel,Cu + Cr2O3 + 0.5 O2 -> CuCr2O4,-213097.1041401427,CUO#1; SPINEL#1,SPINEL#1,-213097.10414259843,-43116.53145504323,-208636.66243571485,-86119.38778766803,-86.11938778766803,
1000,726.85,Cr2O3,CuCr2O4,copper chromite spinel,Cu + Cr2O3 + 0.5 O2 -> CuCr2O4,-215453.76742461533,CUO#1; SPINEL#1,SPINEL#1,-215453.76744030448,-46338.66341131481,-220766.04114120515,-82265.34328154381,-82.2653432815438,
1050,776.85,Cr2O3,CuCr2O4,copper chromite spinel,Cu + Cr2O3 + 0.5 O2 -> CuCr2O4,-217875.24724835303,CUO#1; SPINEL#1,SPINEL#1,-217875.2473028064,-49632.20212835616,-232982.6508510953,-78434.70854236069,-78.4347085423607,
1100,826.85,Cr2O3,CuCr2O4,copper chromite spinel,Cu + Cr2O3 + 0.5 O2 -> CuCr2O4,-220359.11012999582,SPINEL#1,SPINEL#1,-220359.1101299958,-52994.23058128006,-245282.87268568174,-74626.82512283348,-74.62682512283348,
1150,876.85,Cr2O3,CuCr2O4,copper chromite spinel,Cu + Cr2O3 + 0.5 O2 -> CuCr2O4,-222902.86961457922,SPINEL#1,SPINEL#1,-222902.86961457925,-56422.09952457435,-257663.3746140724,-70841.0699989216,-70.8410699989216,
1200,926.85,Cr2O3,CuCr2O4,copper chromite spinel,Cu + Cr2O3 + 0.5 O2 -> CuCr2O4,-225504.26435452336,SPINEL#1,SPINEL#1,-225504.26435452333,-59913.400421959326,-270121.07914274716,-67076.95836432744,-67.07695836432744,
1250,976.85,Cr2O3,CuCr2O4,copper chromite spinel,Cu + Cr2O3 + 0.5 O2 -> CuCr2O4,-228161.2237618664,SPINEL#1,SPINEL#1,-228161.2237618664,-63465.94505805945,-282653.13758733065,-63334.06906820717,-63.33406906820717,
1300,1026.85,Cr2O3,CuCr2O4,copper chromite spinel,Cu + Cr2O3 + 0.5 O2 -> CuCr2O4,-230871.74418307966,DELAFOSSITE#1; GAS#1; SPINEL#1,SPINEL#1,-230871.75201402509,-67077.64455849766,-295256.90740000026,-59611.421715225326,-59.611421715225326,
1350,1076.85,Cr2O3,CuCr2O4,copper chromite spinel,Cu + Cr2O3 + 0.5 O2 -> CuCr2O4,-233634.20123867967,DELAFOSSITE#1; GAS#1; SPINEL#1,SPINEL#1,-233634.2318211386,-70746.38367789735,-307929.9322742684,-55909.893229586305,-55.9098932295863,
1400,1126.85,Cr2O3,CuCr2O4,copper chromite spinel,Cu + Cr2O3 + 0.5 O2 -> CuCr2O4,-236446.9154881423,DELAFOSSITE#1; GAS#1; SPINEL#1,SPINEL#1,-236447.02273642496,-74885.75572616636,-320669.92478441016,-51813.531891528284,-51.813531891528285,
1450,1176.85,Cr2O3,CuCr2O4,copper chromite spinel,Cu + Cr2O3 + 0.5 O2 -> CuCr2O4,-239308.38273031707,DELAFOSSITE#1; GAS#1; SPINEL#1,SPINEL#1,-239308.72526948777,-79154.90829742474,-333474.75137103954,-47661.400412583025,-47.66140041258303,
1500,1226.85,Cr2O3,CuCr2O4,copper chromite spinel,Cu + Cr2O3 + 0.5 O2 -> CuCr2O4,-242245.38275058867,CORUNDUM#1; DELAFOSSITE#1; GAS#1,,,-83478.17103307633,-346342.4195472346,-43724.676916003926,-43.72467691600393,
1550,1276.85,Cr2O3,CuCr2O4,copper chromite spinel,Cu + Cr2O3 + 0.5 O2 -> CuCr2O4,-245457.94716756858,CORUNDUM#1; DELAFOSSITE#1; GAS#1,,,-87853.73960806547,-359271.06726446614,-41412.295497862855,-41.41229549786286,
1600,1326.85,Cr2O3,CuCr2O4,copper chromite spinel,Cu + Cr2O3 + 0.5 O2 -> CuCr2O4,-248713.750208868,CORUNDUM#1; DELAFOSSITE#1; GAS#1,,,-92279.92616727331,-372258.95443950023,-39107.60036835191,-39.10760036835191,
1650,1376.85,Cr2O3,CuCr2O4,copper chromite spinel,Cu + Cr2O3 + 0.5 O2 -> CuCr2O4,-252011.66158107243,CORUNDUM#1; DELAFOSSITE#1; GAS#1,,,-96755.14839899541,-385304.45669843507,-36810.94699914567,-36.81094699914567,
1700,1426.85,Cr2O3,CuCr2O4,copper chromite spinel,Cu + Cr2O3 + 0.5 O2 -> CuCr2O4,-255350.62061722038,CORUNDUM#1; DELAFOSSITE#1; GAS#1,,,-101277.91993393125,-398406.06143899396,-34522.67645613011,-34.52267645613011,
1750,1476.85,Cr2O3,CuCr2O4,copper chromite spinel,Cu + Cr2O3 + 0.5 O2 -> CuCr2O4,-258729.63182267372,CORUNDUM#1; DELAFOSSITE#1; GAS#1,,,-105846.8418745748,-411562.36634471465,-32243.1241485246,-32.2431241485246,
1800,1526.85,Cr2O3,CuCr2O4,copper chromite spinel,Cu + Cr2O3 + 0.5 O2 -> CuCr2O4,-262147.7620709376,CORUNDUM#1; DELAFOSSITE#1; GAS#1,,,-110460.5952933756,-424772.08050325216,-29972.634358322248,-29.97263435832225,
1850,1576.85,Cr2O3,CuCr2O4,copper chromite spinel,Cu + Cr2O3 + 0.5 O2 -> CuCr2O4,-265604.13997872366,CORUNDUM#1; DELAFOSSITE#1; GAS#1,,,-115117.93456500792,-438034.02828497055,-27711.58478936646,-27.711584789366462,
1900,1626.85,Cr2O3,CuCr2O4,copper chromite spinel,Cu + Cr2O3 + 0.5 O2 -> CuCr2O4,-269097.95831924706,CORUNDUM#1; DELAFOSSITE#1; GAS#1,,,-119817.68141994256,-451347.15612763376,-25460.427586678183,-25.460427586678183,
800,526.85,MnO,CuMn2O4,copper manganite spinel,Cu + 2MnO + O2 -> CuMn2O4,-185659.69364095817,DELAFOSSITE#1; SPINEL#1,SPINEL#1,-185659.69364106524,-33912.572992159054,-172813.30445913016,-197656.67208792688,-197.6566720879269,
850,576.85,MnO,CuMn2O4,copper manganite spinel,Cu + 2MnO + O2 -> CuMn2O4,-188031.89510045096,DELAFOSSITE#1; SPINEL#1,SPINEL#1,-188031.89510051502,-36899.715722671725,-184655.7645699373,-188562.9148088314,-188.5629148088314,
900,626.85,MnO,CuMn2O4,copper manganite spinel,Cu + 2MnO + O2 -> CuMn2O4,-190488.05458708073,DELAFOSSITE#1; SPINEL#1,SPINEL#1,-190488.05458712822,-39969.02623895592,-196598.46464191502,-179563.74471784243,-179.56374471784244,
950,676.85,MnO,CuMn2O4,copper manganite spinel,Cu + 2MnO + O2 -> CuMn2O4,-193024.23506635803,SPINEL#1,SPINEL#1,-193024.23506635803,-43116.53145504323,-208636.66243571485,-170655.13395779417,-170.65513395779416,
1000,726.85,MnO,CuMn2O4,copper manganite spinel,Cu + 2MnO + O2 -> CuMn2O4,-195636.82508914772,SPINEL#1,SPINEL#1,-195636.8250891477,-46338.66341131481,-220766.04114120515,-161832.97511297138,-161.83297511297138,
1050,776.85,MnO,CuMn2O4,copper manganite spinel,Cu + 2MnO + O2 -> CuMn2O4,-198322.50923329566,SPINEL#1,SPINEL#1,-198322.50923329563,-49632.20212835616,-232982.6508510953,-153093.22017738712,-153.0932201773871,
1100,826.85,MnO,CuMn2O4,copper manganite spinel,Cu + 2MnO + O2 -> CuMn2O4,-201078.24187322913,SPINEL#1,SPINEL#1,-201078.24187322913,-52994.23058128006,-245282.87268568174,-144431.96049984032,-144.43196049984033,
1150,876.85,MnO,CuMn2O4,copper manganite spinel,Cu + 2MnO + O2 -> CuMn2O4,-203901.22347408635,GAS#1; SPINEL#1,SPINEL#1,-203901.2234914291,-56422.09952457435,-257663.3746140724,-135845.48875841685,-135.84548875841685,
1200,926.85,MnO,CuMn2O4,copper manganite spinel,Cu + 2MnO + O2 -> CuMn2O4,-206788.87886642214,GAS#1; SPINEL#1,SPINEL#1,-206788.87914027387,-59913.400421959326,-270121.07914274716,-127330.32911941991,-127.33032911941991,
1250,976.85,MnO,CuMn2O4,copper manganite spinel,Cu + 2MnO + O2 -> CuMn2O4,-209738.83730797176,GAS#1; SPINEL#1,SPINEL#1,-209738.8389516587,-63465.94505805945,-282653.13758733065,-118883.2464562594,-118.8832464562594,
1300,1026.85,MnO,CuMn2O4,copper manganite spinel,Cu + 2MnO + O2 -> CuMn2O4,-212748.91435693708,GAS#1; SPINEL#1,SPINEL#1,-212748.9223407743,-67077.64455849766,-295256.90740000026,-110501.34940567357,-110.50134940567357,
1350,1076.85,MnO,CuMn2O4,copper manganite spinel,Cu + 2MnO + O2 -> CuMn2O4,-215817.09615668948,GAS#1; SPINEL#1,SPINEL#1,-215817.13008464916,-70746.38367789735,-307929.9322742684,-102182.19839618239,-102.18219839618239,
1400,1126.85,MnO,CuMn2O4,copper manganite spinel,Cu + 2MnO + O2 -> CuMn2O4,-218959.31737938526,GAS#1; IONIC_LIQ#2; SPINEL#1,SPINEL#1,-221351.04816125194,-74885.75572616636,-320669.92478441016,-93632.38456278131,-93.63238456278131,
1450,1176.85,MnO,CuMn2O4,copper manganite spinel,Cu + 2MnO + O2 -> CuMn2O4,-222266.32937848225,GAS#1; IONIC_LIQ#2; SPINEL#1,SPINEL#1,-229786.0072330491,-79154.90829742474,-333474.75137103954,-85836.39760867995,-85.83639760867995,
1500,1226.85,MnO,CuMn2O4,copper manganite spinel,Cu + 2MnO + O2 -> CuMn2O4,-225782.1298366274,GAS#1; IONIC_LIQ#2; SPINEL#1,SPINEL#1,-240061.9491466557,-83478.17103307633,-346342.4195472346,-79185.53341206675,-79.18553341206676,
1550,1276.85,MnO,CuMn2O4,copper manganite spinel,Cu + 2MnO + O2 -> CuMn2O4,-229529.85239313392,GAS#1; IONIC_LIQ#2; SPINEL#1,SPINEL#1,-250852.51868870205,-87853.73960806547,-359271.06726446614,-73850.63748378912,-73.85063748378911,
1600,1326.85,MnO,CuMn2O4,copper manganite spinel,Cu + 2MnO + O2 -> CuMn2O4,-233493.5265377462,GAS#1; IONIC_LIQ#2; SPINEL#1,SPINEL#1,-259929.30659748125,-92279.92616727331,-372258.95443950023,-69728.23869963875,-69.72823869963875,
1650,1376.85,MnO,CuMn2O4,copper manganite spinel,Cu + 2MnO + O2 -> CuMn2O4,-237653.3389167933,GAS#1; IONIC_LIQ#2; SPINEL#1,SPINEL#1,-267080.2105542907,-96755.14839899541,-385304.45669843507,-66687.42447380186,-66.68742447380185,
1700,1426.85,MnO,CuMn2O4,copper manganite spinel,Cu + 2MnO + O2 -> CuMn2O4,-242020.62203668192,GAS#1; IONIC_LIQ#2; SPINEL#1,SPINEL#1,-272941.9890815846,-101277.91993393125,-398406.06143899396,-64814.79576469725,-64.81479576469725,
1750,1476.85,MnO,CuMn2O4,copper manganite spinel,Cu + 2MnO + O2 -> CuMn2O4,-246635.5166498892,GAS#1; IONIC_LIQ#2,,,-105846.8418745748,-411562.36634471465,-64398.13129135431,-64.3981312913543,
1800,1526.85,MnO,CuMn2O4,copper manganite spinel,Cu + 2MnO + O2 -> CuMn2O4,-251354.9915712239,GAS#1; IONIC_LIQ#2,,,-110460.5952933756,-424772.08050325216,-64442.55177885806,-64.44255177885806,
1850,1576.85,MnO,CuMn2O4,copper manganite spinel,Cu + 2MnO + O2 -> CuMn2O4,-256126.11848199603,GAS#1; IONIC_LIQ#2,,,-115117.93456500792,-438034.02828497055,-64583.470524442615,-64.58347052444262,
1900,1626.85,MnO,CuMn2O4,copper manganite spinel,Cu + 2MnO + O2 -> CuMn2O4,-260947.156962208,GAS#1; IONIC_LIQ#2,,,-119817.68141994256,-451347.15612763376,-64814.216096593766,-64.81421609659377,
800,526.85,FeO,CuFe2O4,copper ferrite spinel,Cu + 2FeO + O2 -> CuFe2O4,-162100.4647814551,CUO#1; GAS#1; SPINEL#1,SPINEL#1,-162103.1197183228,-33912.572992159054,-172813.30445913016,-271031.87479102425,-271.0318747910243,
850,576.85,FeO,CuFe2O4,copper ferrite spinel,Cu + 2FeO + O2 -> CuFe2O4,-164531.67607179517,CUO#1; GAS#1; SPINEL#1,SPINEL#1,-164537.2634709534,-36899.715722671725,-184655.7645699373,-262714.1421186505,-262.7141421186505,
900,626.85,FeO,CuFe2O4,copper ferrite spinel,Cu + 2FeO + O2 -> CuFe2O4,-167047.69629780907,CUO#1; GAS#1; SPINEL#1,SPINEL#1,-167058.81578977132,-39969.02623895592,-196598.46464191502,-253638.98177118867,-253.63898177118867,
950,676.85,FeO,CuFe2O4,copper ferrite spinel,Cu + 2FeO + O2 -> CuFe2O4,-169644.24533357978,CUO#1; GAS#1; SPINEL#1,SPINEL#1,-169665.2505084478,-43116.53145504323,-208636.66243571485,-244633.46308515663,-244.63346308515662,
1000,726.85,FeO,CuFe2O4,copper ferrite spinel,Cu + 2FeO + O2 -> CuFe2O4,-172317.52563958283,CUO#1; GAS#1; SPINEL#1,SPINEL#1,-172355.29168927786,-46338.66341131481,-220766.04114120515,-235692.70566542842,-235.69270566542843,
1050,776.85,FeO,CuFe2O4,copper ferrite spinel,Cu + 2FeO + O2 -> CuFe2O4,-175064.16515507363,CUO#1; GAS#1; SPINEL#1,SPINEL#1,-175128.95087256038,-49632.20212835616,-232982.6508510953,-226812.178289979,-226.812178289979,
1100,826.85,FeO,CuFe2O4,copper ferrite spinel,Cu + 2FeO + O2 -> CuFe2O4,-177881.17431292636,CUO#1; GAS#1; SPINEL#1,SPINEL#1,-177987.4837585007,-52994.23058128006,-245282.87268568174,-217989.72302961745,-217.98972302961747,
1150,876.85,FeO,CuFe2O4,copper ferrite spinel,Cu + 2FeO + O2 -> CuFe2O4,-180765.90966371616,CUO#1; GAS#1; SPINEL#1,SPINEL#1,-180933.22772106796,-56422.09952457435,-257663.3746140724,-209224.60609215382,-209.2246060921538,
1200,926.85,FeO,CuFe2O4,copper ferrite spinel,Cu + 2FeO + O2 -> CuFe2O4,-183716.0383880882,CUO#1; GAS#1; SPINEL#1,SPINEL#1,-183969.2931740159,-59913.400421959326,-270121.07914274716,-200513.52696056827,-200.51352696056827,
1250,976.85,FeO,CuFe2O4,copper ferrite spinel,Cu + 2FeO + O2 -> CuFe2O4,-186729.49965165314,CUO#1; GAS#1; SPINEL#1,SPINEL#1,-187099.09433288578,-63465.94505805945,-282653.13758733065,-191857.94243765925,-191.85794243765926,
1300,1026.85,FeO,CuFe2O4,copper ferrite spinel,Cu + 2FeO + O2 -> CuFe2O4,-189804.46048085697,CUO#1; GAS#1; SPINEL#1,SPINEL#1,-190325.7232691652,-67077.64455849766,-295256.90740000026,-183259.2137216339,-183.2592137216339,
1350,1076.85,FeO,CuFe2O4,copper ferrite spinel,Cu + 2FeO + O2 -> CuFe2O4,-192939.26580491473,CUO#1; GAS#1; SPINEL#1,SPINEL#1,-193651.20568066667,-70746.38367789735,-307929.9322742684,-174717.4310201225,-174.7174310201225,
1400,1126.85,FeO,CuFe2O4,copper ferrite spinel,Cu + 2FeO + O2 -> CuFe2O4,-196159.74749030202,GAS#1; IONIC_LIQ#2; SPINEL#1,SPINEL#1,-197585.6489223277,-74885.75572616636,-320669.92478441016,-166008.68846614822,-166.00868846614821,
1450,1176.85,FeO,CuFe2O4,copper ferrite spinel,Cu + 2FeO + O2 -> CuFe2O4,-199477.68915743323,GAS#1; IONIC_LIQ#2; SPINEL#1,SPINEL#1,-202219.42484726358,-79154.90829742474,-333474.75137103954,-157564.5635551985,-157.56456355519848,
1500,1226.85,FeO,CuFe2O4,copper ferrite spinel,Cu + 2FeO + O2 -> CuFe2O4,-202912.61303856652,GAS#1; IONIC_LIQ#2; SPINEL#1,SPINEL#1,-207499.80046531555,-83478.17103307633,-346342.4195472346,-149605.05906974454,-149.60505906974456,
1550,1276.85,FeO,CuFe2O4,copper ferrite spinel,Cu + 2FeO + O2 -> CuFe2O4,-206478.19573566693,GAS#1; IONIC_LIQ#2; SPINEL#1,SPINEL#1,-213044.49140059802,-87853.73960806547,-359271.06726446614,-142234.88229793054,-142.23488229793054,
1600,1326.85,FeO,CuFe2O4,copper ferrite spinel,Cu + 2FeO + O2 -> CuFe2O4,-210180.75055691897,GAS#1; IONIC_LIQ#2; SPINEL#1,SPINEL#1,-218573.070040993,-92279.92616727331,-372258.95443950023,-135506.61616360978,-135.50661616360978,
1650,1376.85,FeO,CuFe2O4,copper ferrite spinel,Cu + 2FeO + O2 -> CuFe2O4,-214033.8048883635,GAS#1; IONIC_LIQ#2; SPINEL#1,SPINEL#1,-224073.47574808562,-96755.14839899541,-385304.45669843507,-129293.44387955638,-129.29344387955638,
1700,1426.85,FeO,CuFe2O4,copper ferrite spinel,Cu + 2FeO + O2 -> CuFe2O4,-218074.3954513268,GAS#1; IONIC_LIQ#2; SPINEL#1,SPINEL#1,-229645.0802664577,-101277.91993393125,-398406.06143899396,-122290.4987869768,-122.2904987869768,
1750,1476.85,FeO,CuFe2O4,copper ferrite spinel,Cu + 2FeO + O2 -> CuFe2O4,-222375.51974312338,GAS#1; IONIC_LIQ#2,,,-105846.8418745748,-411562.36634471465,-116776.72267132695,-116.77672267132695,
1800,1526.85,FeO,CuFe2O4,copper ferrite spinel,Cu + 2FeO + O2 -> CuFe2O4,-226811.19118239352,GAS#1; IONIC_LIQ#2,,,-110460.5952933756,-424772.08050325216,-111880.30160552566,-111.88030160552566,
1850,1576.85,FeO,CuFe2O4,copper ferrite spinel,Cu + 2FeO + O2 -> CuFe2O4,-231322.1583674368,GAS#1; IONIC_LIQ#2,,,-115117.93456500792,-438034.02828497055,-107179.27501434181,-107.17927501434181,
1900,1626.85,FeO,CuFe2O4,copper ferrite spinel,Cu + 2FeO + O2 -> CuFe2O4,-235907.2908840902,GAS#1; IONIC_LIQ#2,,,-119817.68141994256,-451347.15612763376,-102693.78160813451,-102.69378160813451,
800,526.85,V2O5,CuV2O6,copper vanadate,Cu + V2O5 + 0.5 O2 -> CuV2O6,-211173.05462642896,CUO#1; V2O5#1,,,-33912.572992159054,-172813.30445913016,-83285.73091374454,-83.28573091374454,
850,576.85,V2O5,CuV2O6,copper vanadate,Cu + V2O5 + 0.5 O2 -> CuV2O6,-213271.7397401738,CUO#1; GAS#1; V2O5#1,,,-36899.715722671725,-184655.7645699373,-79012.8682293829,-79.0128682293829,
900,626.85,V2O5,CuV2O6,copper vanadate,Cu + V2O5 + 0.5 O2 -> CuV2O6,-215445.38685166233,CUO#1; V2O5#1,,,-39969.02623895592,-196598.46464191502,-74766.18779410725,-74.76618779410724,
950,676.85,V2O5,CuV2O6,copper vanadate,Cu + V2O5 + 0.5 O2 -> CuV2O6,-217691.29152176788,CUO#1; V2O5#1,,,-43116.53145504323,-208636.66243571485,-70544.51420545578,-70.54451420545578,
1000,726.85,V2O5,CuV2O6,copper vanadate,Cu + V2O5 + 0.5 O2 -> CuV2O6,-220398.68877431954,CUO#1; GAS#1; IONIC_LIQ#2,,,-46338.66341131481,-220766.04114120515,-66670.60323638236,-66.67060323638236,
1050,776.85,V2O5,CuV2O6,copper vanadate,Cu + V2O5 + 0.5 O2 -> CuV2O6,-223194.50840436647,CUO#1; GAS#1; IONIC_LIQ#2,,,-49632.20212835616,-232982.6508510953,,,No binary oxide reference
1100,826.85,V2O5,CuV2O6,copper vanadate,Cu + V2O5 + 0.5 O2 -> CuV2O6,-226081.91232095528,CUO#1; GAS#1; IONIC_LIQ#2,,,-52994.23058128006,-245282.87268568174,-59103.20057883253,-59.103200578832535,
1150,876.85,V2O5,CuV2O6,copper vanadate,Cu + V2O5 + 0.5 O2 -> CuV2O6,-229077.33404442863,CUO#1; GAS#1; IONIC_LIQ#2,,,-56422.09952457435,-257663.3746140724,-55811.64128699526,-55.81164128699526,
1200,926.85,V2O5,CuV2O6,copper vanadate,Cu + V2O5 + 0.5 O2 -> CuV2O6,-232216.71193856615,CUO#1; GAS#1; IONIC_LIQ#2,,,-59913.400421959326,-270121.07914274716,-53228.68454479729,-53.22868454479729,
1250,976.85,V2O5,CuV2O6,copper vanadate,Cu + V2O5 + 0.5 O2 -> CuV2O6,-235581.80725150573,GAS#1; IONIC_LIQ#2,,,-63465.94505805945,-282653.13758733065,-52090.1042855226,-52.0901042855226,
1300,1026.85,V2O5,CuV2O6,copper vanadate,Cu + V2O5 + 0.5 O2 -> CuV2O6,-239112.93932924018,GAS#1; IONIC_LIQ#2,,,-67077.64455849766,-295256.90740000026,,,No binary oxide reference
1350,1076.85,V2O5,CuV2O6,copper vanadate,Cu + V2O5 + 0.5 O2 -> CuV2O6,-242710.37093449547,GAS#1; IONIC_LIQ#2,,,-70746.38367789735,-307929.9322742684,-51619.47751225205,-51.619477512252054,
1400,1126.85,V2O5,CuV2O6,copper vanadate,Cu + V2O5 + 0.5 O2 -> CuV2O6,-246374.89444914315,GAS#1; IONIC_LIQ#2,,,-74885.75572616636,-320669.92478441016,-50967.29754659673,-50.96729754659673,
1450,1176.85,V2O5,CuV2O6,copper vanadate,Cu + V2O5 + 0.5 O2 -> CuV2O6,-250107.3291730208,GAS#1; IONIC_LIQ#2,,,-79154.90829742474,-333474.75137103954,-50236.930210680235,-50.236930210680235,
1500,1226.85,V2O5,CuV2O6,copper vanadate,Cu + V2O5 + 0.5 O2 -> CuV2O6,-253908.37549340414,GAS#1; IONIC_LIQ#2,,,-83478.17103307633,-346342.4195472346,-49501.85051800171,-49.50185051800171,
1550,1276.85,V2O5,CuV2O6,copper vanadate,Cu + V2O5 + 0.5 O2 -> CuV2O6,-257778.48830006408,GAS#1; IONIC_LIQ#2,,,-87853.73960806547,-359271.06726446614,-48761.8469101591,-48.7618469101591,
1600,1326.85,V2O5,CuV2O6,copper vanadate,Cu + V2O5 + 0.5 O2 -> CuV2O6,-261717.78068923886,GAS#1; IONIC_LIQ#2,,,-92279.92616727331,-372258.95443950023,-48016.75587432459,-48.01675587432459,
1650,1376.85,V2O5,CuV2O6,copper vanadate,Cu + V2O5 + 0.5 O2 -> CuV2O6,-265725.9673755675,GAS#1; IONIC_LIQ#2,,,-96755.14839899541,-385304.45669843507,-47266.461470703594,-47.2664614707036,
1700,1426.85,V2O5,CuV2O6,copper vanadate,Cu + V2O5 + 0.5 O2 -> CuV2O6,-269802.3502533201,GAS#1; IONIC_LIQ#2,,,-101277.91993393125,-398406.06143899396,-46510.89641067013,-46.51089641067013,
1750,1476.85,V2O5,CuV2O6,copper vanadate,Cu + V2O5 + 0.5 O2 -> CuV2O6,-273945.84271930094,GAS#1; IONIC_LIQ#2,,,-105846.8418745748,-411562.36634471465,-45750.04959382303,-45.75004959382303,
1800,1526.85,V2O5,CuV2O6,copper vanadate,Cu + V2O5 + 0.5 O2 -> CuV2O6,-278155.0248504493,GAS#1; IONIC_LIQ#2,,,-110460.5952933756,-424772.08050325216,-44983.97982536396,-44.98397982536396,
1850,1576.85,V2O5,CuV2O6,copper vanadate,Cu + V2O5 + 0.5 O2 -> CuV2O6,-282428.7245773553,GAS#1; IONIC_LIQ#2,,,-115117.93456500792,-438034.02828497055,-44212.843198494054,-44.212843198494056,
1900,1626.85,V2O5,CuV2O6,copper vanadate,Cu + V2O5 + 0.5 O2 -> CuV2O6,-286767.1046378741,GAS#1; IONIC_LIQ#2,,,-119817.68141994256,-451347.15612763376,-43436.93887103256,-43.43693887103256,
800,526.85,V2O5,Cu3V2O8,copper orthovanadate,3Cu + V2O5 + 1.5 O2 -> Cu3V2O8,-177465.02152399407,CUO#1; V2O5#1,,,-33912.572992159054,-172813.30445913016,-249135.06864435878,-249.13506864435877,
850,576.85,V2O5,Cu3V2O8,copper orthovanadate,3Cu + V2O5 + 1.5 O2 -> Cu3V2O8,-179631.80176012206,CUO#1; V2O5#1,,,-36899.715722671725,-184655.7645699373,-236325.43743412476,-236.32543743412475,
900,626.85,V2O5,Cu3V2O8,copper orthovanadate,3Cu + V2O5 + 1.5 O2 -> Cu3V2O8,-181874.85613112507,CUO#1; V2O5#1,,,-39969.02623895592,-196598.46464191502,-223594.31871394534,-223.59431871394534,
950,676.85,V2O5,Cu3V2O8,copper orthovanadate,3Cu + V2O5 + 1.5 O2 -> Cu3V2O8,-184191.15518292133,CUO#1; V2O5#1,,,-43116.53145504323,-208636.66243571485,-210938.18254172103,-210.93818254172103,
1000,726.85,V2O5,Cu3V2O8,copper orthovanadate,3Cu + V2O5 + 1.5 O2 -> Cu3V2O8,-186849.12683010893,CUO#1; GAS#1; IONIC_LIQ#2,,,-46338.66341131481,-220766.04114120515,-198677.68509508763,-198.6776850950876,
1050,776.85,V2O5,Cu3V2O8,copper orthovanadate,3Cu + V2O5 + 1.5 O2 -> Cu3V2O8,-189589.54800583984,CUO#1; GAS#1; IONIC_LIQ#2,,,-49632.20212835616,-232982.6508510953,,,No binary oxide reference
1100,826.85,V2O5,Cu3V2O8,copper orthovanadate,3Cu + V2O5 + 1.5 O2 -> Cu3V2O8,-192413.74967875917,CUO#1; GAS#1; IONIC_LIQ#2,,,-52994.23058128006,-245282.87268568174,-174473.40166586218,-174.47340166586218,
1150,876.85,V2O5,Cu3V2O8,copper orthovanadate,3Cu + V2O5 + 1.5 O2 -> Cu3V2O8,-195332.32554484592,CUO#1; GAS#1; IONIC_LIQ#2,,,-56422.09952457435,-257663.3746140724,-162928.2933069137,-162.9282933069137,
1200,926.85,V2O5,Cu3V2O8,copper orthovanadate,3Cu + V2O5 + 1.5 O2 -> Cu3V2O8,-198369.43814111475,CUO#1; GAS#1; IONIC_LIQ#2,,,-59913.400421959326,-270121.07914274716,-152133.09294552775,-152.13309294552775,
1250,976.85,V2O5,Cu3V2O8,copper orthovanadate,3Cu + V2O5 + 1.5 O2 -> Cu3V2O8,-201582.35948940035,CUO#1; GAS#1; IONIC_LIQ#2,,,-63465.94505805945,-282653.13758733065,-142839.4846807262,-142.8394846807262,
1300,1026.85,V2O5,Cu3V2O8,copper orthovanadate,3Cu + V2O5 + 1.5 O2 -> Cu3V2O8,-205131.26688890107,CUO#1; GAS#1; IONIC_LIQ#2,,,-67077.64455849766,-295256.90740000026,,,No binary oxide reference
1350,1076.85,V2O5,Cu3V2O8,copper orthovanadate,3Cu + V2O5 + 1.5 O2 -> Cu3V2O8,-209064.48551546616,GAS#1; IONIC_LIQ#2,,,-70746.38367789735,-307929.9322742684,-135641.75117278984,-135.64175117278984,
1400,1126.85,V2O5,Cu3V2O8,copper orthovanadate,3Cu + V2O5 + 1.5 O2 -> Cu3V2O8,-213060.34353093867,GAS#1; IONIC_LIQ#2,,,-74885.75572616636,-320669.92478441016,-132936.27716976823,-132.93627716976823,
1450,1176.85,V2O5,Cu3V2O8,copper orthovanadate,3Cu + V2O5 + 1.5 O2 -> Cu3V2O8,-217116.4261038372,GAS#1; IONIC_LIQ#2,,,-79154.90829742474,-333474.75137103954,-129999.93903748784,-129.99993903748785,
1500,1226.85,V2O5,Cu3V2O8,copper orthovanadate,3Cu + V2O5 + 1.5 O2 -> Cu3V2O8,-221232.7580273819,GAS#1; IONIC_LIQ#2,,,-83478.17103307633,-346342.4195472346,-127053.5638199416,-127.0535638199416,
1550,1276.85,V2O5,Cu3V2O8,copper orthovanadate,3Cu + V2O5 + 1.5 O2 -> Cu3V2O8,-225409.22606584936,GAS#1; IONIC_LIQ#2,,,-87853.73960806547,-359271.06726446614,-124096.84458502708,-124.09684458502709,
1600,1326.85,V2O5,Cu3V2O8,copper orthovanadate,3Cu + V2O5 + 1.5 O2 -> Cu3V2O8,-229645.51033791128,GAS#1; IONIC_LIQ#2,,,-92279.92616727331,-372258.95443950023,-121129.5572899743,-121.1295572899743,
1650,1376.85,V2O5,Cu3V2O8,copper orthovanadate,3Cu + V2O5 + 1.5 O2 -> Cu3V2O8,-233941.04363309103,GAS#1; IONIC_LIQ#2,,,-96755.14839899541,-385304.45669843507,-118151.5688243541,-118.15156882435409,
1700,1426.85,V2O5,Cu3V2O8,copper orthovanadate,3Cu + V2O5 + 1.5 O2 -> Cu3V2O8,-238295.0004153047,GAS#1; IONIC_LIQ#2,,,-101277.91993393125,-398406.06143899396,-115162.84822289366,-115.16284822289366,
1750,1476.85,V2O5,Cu3V2O8,copper orthovanadate,3Cu + V2O5 + 1.5 O2 -> Cu3V2O8,-242706.3133140174,GAS#1; IONIC_LIQ#2,,,-105846.8418745748,-411562.36634471465,-112163.48810847662,-112.16348810847663,
1800,1526.85,V2O5,Cu3V2O8,copper orthovanadate,3Cu + V2O5 + 1.5 O2 -> Cu3V2O8,-247173.7118812478,GAS#1; IONIC_LIQ#2,,,-110460.5952933756,-424772.08050325216,-109153.73953753803,-109.15373953753803,
1850,1576.85,V2O5,Cu3V2O8,copper orthovanadate,3Cu + V2O5 + 1.5 O2 -> Cu3V2O8,-251696.12679759966,GAS#1; IONIC_LIQ#2,,,-115117.93456500792,-438034.02828497055,-106134.07295610476,-106.13407295610476,
1900,1626.85,V2O5,Cu3V2O8,copper orthovanadate,3Cu + V2O5 + 1.5 O2 -> Cu3V2O8,-256273.44611101676,GAS#1; IONIC_LIQ#2,,,-119817.68141994256,-451347.15612763376,-103105.27760586422,-103.10527760586422,
800,526.85,TiO2,CuTiO3,copper titanate,Cu + TiO2 + 0.5 O2 -> CuTiO3,-240837.93385529565,CUO#1; RUTILE#1,,,-33912.572992159054,-172813.30445913016,-83138.05530774081,-83.13805530774081,
850,576.85,TiO2,CuTiO3,copper titanate,Cu + TiO2 + 0.5 O2 -> CuTiO3,-242946.2467627214,CUO#1; GAS#1; RUTILE#1,,,-36899.715722671725,-184655.7645699373,-78868.2755350247,-78.86827553502471,
900,626.85,TiO2,CuTiO3,copper titanate,Cu + TiO2 + 0.5 O2 -> CuTiO3,-245129.70019985648,CUO#1; GAS#1; RUTILE#1,,,-39969.02623895592,-196598.46464191502,-74624.66094477172,-74.62466094477172,
950,676.85,TiO2,CuTiO3,copper titanate,Cu + TiO2 + 0.5 O2 -> CuTiO3,-247384.59672351266,CUO#1; GAS#1; RUTILE#1,,,-43116.53145504323,-208636.66243571485,-70406.03654770833,-70.40603654770833,
1000,726.85,TiO2,CuTiO3,copper titanate,Cu + TiO2 + 0.5 O2 -> CuTiO3,-249707.58952137284,CUO#1; GAS#1; RUTILE#1,,,-46338.66341131481,-220766.04114120515,-66211.35227141413,-66.21135227141413,
1050,776.85,TiO2,CuTiO3,copper titanate,Cu + TiO2 + 0.5 O2 -> CuTiO3,-252095.63592044613,CUO#1; GAS#1; RUTILE#1,,,-49632.20212835616,-232982.6508510953,-62039.668657517526,-62.039668657517524,
1100,826.85,TiO2,CuTiO3,copper titanate,Cu + TiO2 + 0.5 O2 -> CuTiO3,-254545.9594248843,CUO#1; GAS#1; RUTILE#1,,,-52994.23058128006,-245282.87268568174,-57890.134589944035,-57.89013458994403,
1150,876.85,TiO2,CuTiO3,copper titanate,Cu + TiO2 + 0.5 O2 -> CuTiO3,-257056.0172936899,CUO#1; GAS#1; RUTILE#1,,,-56422.09952457435,-257663.3746140724,-53761.97326206067,-53.761973262060664,
1200,926.85,TiO2,CuTiO3,copper titanate,Cu + TiO2 + 0.5 O2 -> CuTiO3,-259623.47313357136,CUO#1; GAS#1; RUTILE#1,,,-59913.400421959326,-270121.07914274716,-49654.46556149307,-49.65446556149307,
1250,976.85,TiO2,CuTiO3,copper titanate,Cu + TiO2 + 0.5 O2 -> CuTiO3,-262246.17362479796,CUO#1; GAS#1; RUTILE#1,,,-63465.94505805945,-282653.13758733065,-45566.93281661393,-45.56693281661393,
1300,1026.85,TiO2,CuTiO3,copper titanate,Cu + TiO2 + 0.5 O2 -> CuTiO3,-264922.1286797664,CUO#1; GAS#1; RUTILE#1,,,-67077.64455849766,-295256.90740000026,-41498.82615282084,-41.49882615282084,
1350,1076.85,TiO2,CuTiO3,copper titanate,Cu + TiO2 + 0.5 O2 -> CuTiO3,-267985.20745436405,GAS#1; IONIC_LIQ#2; RUTILE#1,,,-70746.38367789735,-307929.9322742684,-39127.886556223966,-39.12788655622396,
1400,1126.85,TiO2,CuTiO3,copper titanate,Cu + TiO2 + 0.5 O2 -> CuTiO3,-271523.2579851005,GAS#1; IONIC_LIQ#2; RUTILE#1,,,-74885.75572616636,-320669.92478441016,-38485.93037819932,-38.48593037819932,
1450,1176.85,TiO2,CuTiO3,copper titanate,Cu + TiO2 + 0.5 O2 -> CuTiO3,-275124.4267886695,GAS#1; IONIC_LIQ#2; RUTILE#1,,,-79154.90829742474,-333474.75137103954,-37861.024137472035,-37.861024137472036,
1500,1226.85,TiO2,CuTiO3,copper titanate,Cu + TiO2 + 0.5 O2 -> CuTiO3,-278788.51547404187,GAS#1; IONIC_LIQ#2; RUTILE#1,,,-83478.17103307633,-346342.4195472346,-37333.30823729001,-37.33330823729001,
1550,1276.85,TiO2,CuTiO3,copper titanate,Cu + TiO2 + 0.5 O2 -> CuTiO3,-282515.86424446944,GAS#1; IONIC_LIQ#2; RUTILE#1,,,-87853.73960806547,-359271.06726446614,-36911.3767630402,-36.9113767630402,
1600,1326.85,TiO2,CuTiO3,copper titanate,Cu + TiO2 + 0.5 O2 -> CuTiO3,-286307.5427877272,GAS#1; IONIC_LIQ#2; RUTILE#1,,,-92279.92616727331,-372258.95443950023,-36607.0055433095,-36.6070055433095,
1650,1376.85,TiO2,CuTiO3,copper titanate,Cu + TiO2 + 0.5 O2 -> CuTiO3,-290165.6074878947,GAS#1; IONIC_LIQ#2; RUTILE#1,,,-96755.14839899541,-385304.45669843507,-36436.46831038967,-36.43646831038967,
1700,1426.85,TiO2,CuTiO3,copper titanate,Cu + TiO2 + 0.5 O2 -> CuTiO3,-294093.4827285813,GAS#1; IONIC_LIQ#2; RUTILE#1,,,-101277.91993393125,-398406.06143899396,-36422.467456520535,-36.422467456520536,
1750,1476.85,TiO2,CuTiO3,copper titanate,Cu + TiO2 + 0.5 O2 -> CuTiO3,-298094.3203707709,GAS#1; IONIC_LIQ#2,,,-105846.8418745748,-411562.36634471465,-36585.95020161313,-36.58595020161313,
1800,1526.85,TiO2,CuTiO3,copper titanate,Cu + TiO2 + 0.5 O2 -> CuTiO3,-302140.24884854886,GAS#1; IONIC_LIQ#2,,,-110460.5952933756,-424772.08050325216,-36792.36755437637,-36.79236755437637,
1850,1576.85,TiO2,CuTiO3,copper titanate,Cu + TiO2 + 0.5 O2 -> CuTiO3,-306220.28243445256,GAS#1; IONIC_LIQ#2,,,-115117.93456500792,-438034.02828497055,-36991.22856087517,-36.99122856087517,
1900,1626.85,TiO2,CuTiO3,copper titanate,Cu + TiO2 + 0.5 O2 -> CuTiO3,-310333.66299096623,GAS#1; IONIC_LIQ#2,,,-119817.68141994256,-451347.15612763376,-37182.81013008021,-37.182810130080206,
800,526.85,SiO2,CuSiO3,copper metasilicate,Cu + SiO2 + 0.5 O2 -> CuSiO3,-232585.44660821866,CUO#1; QUARTZ#1,,,-33912.572992159054,-172813.30445913016,-83125.67870309786,-83.12567870309786,
850,576.85,SiO2,CuSiO3,copper metasilicate,Cu + SiO2 + 0.5 O2 -> CuSiO3,-234534.45214586193,CUO#1; GAS#1; QUARTZ#1,,,-36899.715722671725,-184655.7645699373,-78855.65758633777,-78.85565758633777,
900,626.85,SiO2,CuSiO3,copper metasilicate,Cu + SiO2 + 0.5 O2 -> CuSiO3,-236563.35595995447,CUO#1; QUARTZ#1,,,-39969.02623895592,-196598.46464191502,-74611.81132975104,-74.61181132975105,
950,676.85,SiO2,CuSiO3,copper metasilicate,Cu + SiO2 + 0.5 O2 -> CuSiO3,-238660.21493279672,CUO#1; QUARTZ#1,,,-43116.53145504323,-208636.66243571485,-70392.94997306168,-70.39294997306168,
1000,726.85,SiO2,CuSiO3,copper metasilicate,Cu + SiO2 + 0.5 O2 -> CuSiO3,-240821.9432765921,CUO#1; QUARTZ#1,,,-46338.66341131481,-220766.04114120515,-66198.02380314958,-66.19802380314958,
1050,776.85,SiO2,CuSiO3,copper metasilicate,Cu + SiO2 + 0.5 O2 -> CuSiO3,-243045.758695009,CUO#1; GAS#1; QUARTZ#1,,,-49632.20212835616,-232982.6508510953,-62026.093840290094,-62.026093840290095,
1100,826.85,SiO2,CuSiO3,copper metasilicate,Cu + SiO2 + 0.5 O2 -> CuSiO3,-245329.1399321932,CUO#1; GAS#1; QUARTZ#1,,,-52994.23058128006,-245282.87268568174,-57876.30936202826,-57.87630936202826,
1150,876.85,SiO2,CuSiO3,copper metasilicate,Cu + SiO2 + 0.5 O2 -> CuSiO3,-247672.50174415894,CUO#1; TRIDYMITE#1,,,-56422.09952457435,-257663.3746140724,-53747.89798867842,-53.747897988678424,
1200,926.85,SiO2,CuSiO3,copper metasilicate,Cu + SiO2 + 0.5 O2 -> CuSiO3,-250087.63403018628,CUO#1; TRIDYMITE#1,,,-59913.400421959326,-270121.07914274716,-49640.161803023424,-49.640161803023425,
1250,976.85,SiO2,CuSiO3,copper metasilicate,Cu + SiO2 + 0.5 O2 -> CuSiO3,-252555.6381876868,CUO#1; TRIDYMITE#1,,,-63465.94505805945,-282653.13758733065,-45552.39701357647,-45.55239701357647,
1300,1026.85,SiO2,CuSiO3,copper metasilicate,Cu + SiO2 + 0.5 O2 -> CuSiO3,-255074.62109705072,CUO#1; GAS#1; TRIDYMITE#1,,,-67077.64455849766,-295256.90740000026,-41484.05489151203,-41.48405489151203,
1350,1076.85,SiO2,CuSiO3,copper metasilicate,Cu + SiO2 + 0.5 O2 -> CuSiO3,-257642.84358875017,CUO#1; TRIDYMITE#1,,,-70746.38367789735,-307929.9322742684,-37434.815460121725,-37.434815460121726,
1400,1126.85,SiO2,CuSiO3,copper metasilicate,Cu + SiO2 + 0.5 O2 -> CuSiO3,-260734.19200539042,GAS#1; IONIC_LIQ#2; TRIDYMITE#1,,,-74885.75572616636,-320669.92478441016,-35365.53498873557,-35.36553498873557,
1450,1176.85,SiO2,CuSiO3,copper metasilicate,Cu + SiO2 + 0.5 O2 -> CuSiO3,-264049.9160334012,GAS#1; IONIC_LIQ#2; TRIDYMITE#1,,,-79154.90829742474,-333474.75137103954,-34128.99828619859,-34.128998286198595,
1500,1226.85,SiO2,CuSiO3,copper metasilicate,Cu + SiO2 + 0.5 O2 -> CuSiO3,-267411.80456849304,GAS#1; IONIC_LIQ#2; TRIDYMITE#1,,,-83478.17103307633,-346342.4195472346,-32914.86493292544,-32.91486493292544,
1550,1276.85,SiO2,CuSiO3,copper metasilicate,Cu + SiO2 + 0.5 O2 -> CuSiO3,-270818.824637349,GAS#1; IONIC_LIQ#2; TRIDYMITE#1,,,-87853.73960806547,-359271.06726446614,-31724.126938013127,-31.72412693801313,
1600,1326.85,SiO2,CuSiO3,copper metasilicate,Cu + SiO2 + 0.5 O2 -> CuSiO3,-274270.12878428615,GAS#1; IONIC_LIQ#2; TRIDYMITE#1,,,-92279.92616727331,-372258.95443950023,-30558.190058818087,-30.558190058818088,
1650,1376.85,SiO2,CuSiO3,copper metasilicate,Cu + SiO2 + 0.5 O2 -> CuSiO3,-277765.093640246,GAS#1; IONIC_LIQ#2; TRIDYMITE#1,,,-96755.14839899541,-385304.45669843507,-29419.104073165916,-29.419104073165915,
1700,1426.85,SiO2,CuSiO3,copper metasilicate,Cu + SiO2 + 0.5 O2 -> CuSiO3,-281303.3154061513,GAS#1; IONIC_LIQ#2; TRIDYMITE#1,,,-101277.91993393125,-398406.06143899396,-28309.609790516086,-28.309609790516085,
1750,1476.85,SiO2,CuSiO3,copper metasilicate,Cu + SiO2 + 0.5 O2 -> CuSiO3,-284884.76255826367,CRISTOBALITE#1; GAS#1; IONIC_LIQ#2,,,-105846.8418745748,-411562.36634471465,-27232.395985679002,-27.232395985679002,
1800,1526.85,SiO2,CuSiO3,copper metasilicate,Cu + SiO2 + 0.5 O2 -> CuSiO3,-288510.8415733827,CRISTOBALITE#1; GAS#1; IONIC_LIQ#2,,,-110460.5952933756,-424772.08050325216,-26186.964881453197,-26.186964881453196,
1850,1576.85,SiO2,CuSiO3,copper metasilicate,Cu + SiO2 + 0.5 O2 -> CuSiO3,-292178.8340177476,CRISTOBALITE#1; GAS#1; IONIC_LIQ#2,,,-115117.93456500792,-438034.02828497055,-25178.22297831881,-25.178222978318807,
1900,1626.85,SiO2,CuSiO3,copper metasilicate,Cu + SiO2 + 0.5 O2 -> CuSiO3,-295888.47789616155,CRISTOBALITE#1; GAS#1; IONIC_LIQ#2,,,-119817.68141994256,-451347.15612763376,-24208.979707230348,-24.20897970723035,
800,526.85,SiO2,Cu2SiO4,copper orthosilicate,2Cu + SiO2 + O2 -> Cu2SiO4,-195167.3038754464,CUO#1; CUPRITE#1; QUARTZ#1,,,-33912.572992159054,-172813.30445913016,-166050.34756840556,-166.05034756840556,
850,576.85,SiO2,Cu2SiO4,copper orthosilicate,2Cu + SiO2 + O2 -> Cu2SiO4,-197222.30619133165,CUO#1; CUPRITE#1; QUARTZ#1,,,-36899.715722671725,-184655.7645699373,-157511.94218870928,-157.51194218870927,
900,626.85,SiO2,Cu2SiO4,copper orthosilicate,2Cu + SiO2 + O2 -> Cu2SiO4,-199357.0148313721,CUO#1; CUPRITE#1; QUARTZ#1,,,-39969.02623895592,-196598.46464191502,-149025.87678966997,-149.02587678966998,
950,676.85,SiO2,Cu2SiO4,copper orthosilicate,2Cu + SiO2 + O2 -> Cu2SiO4,-201561.82450071664,CUO#1; CUPRITE#1; QUARTZ#1,,,-43116.53145504323,-208636.66243571485,-140589.7841411936,-140.5897841411936,
1000,726.85,SiO2,Cu2SiO4,copper orthosilicate,2Cu + SiO2 + O2 -> Cu2SiO4,-203833.563042033,CUO#1; CUPRITE#1; QUARTZ#1,,,-46338.66341131481,-220766.04114120515,-132201.56473250245,-132.20156473250245,
1050,776.85,SiO2,Cu2SiO4,copper orthosilicate,2Cu + SiO2 + O2 -> Cu2SiO4,-206169.36681333656,CUO#1; CUPRITE#1; QUARTZ#1,,,-49632.20212835616,-232982.6508510953,-123859.34050469729,-123.85934050469729,
1100,826.85,SiO2,Cu2SiO4,copper orthosilicate,2Cu + SiO2 + O2 -> Cu2SiO4,-208566.63816122885,CUO#1; CUPRITE#1; QUARTZ#1,,,-52994.23058128006,-245282.87268568174,-115561.40990554309,-115.56140990554309,
1150,876.85,SiO2,Cu2SiO4,copper orthosilicate,2Cu + SiO2 + O2 -> Cu2SiO4,-211024.94593748066,CUO#1; CUPRITE#1; TRIDYMITE#1,,,-56422.09952457435,-257663.3746140724,-107306.22399863764,-107.30622399863763,
1200,926.85,SiO2,Cu2SiO4,copper orthosilicate,2Cu + SiO2 + O2 -> Cu2SiO4,-213552.0449063757,CUO#1; CUPRITE#1; TRIDYMITE#1,,,-59913.400421959326,-270121.07914274716,-99092.36600338877,-99.09236600338878,
1250,976.85,SiO2,Cu2SiO4,copper orthosilicate,2Cu + SiO2 + O2 -> Cu2SiO4,-216133.82306562932,CUO#1; CUPRITE#1; TRIDYMITE#1,,,-63465.94505805945,-282653.13758733065,-90918.45368282287,-90.91845368282287,
1300,1026.85,SiO2,Cu2SiO4,copper orthosilicate,2Cu + SiO2 + O2 -> Cu2SiO4,-218768.36264279197,CUO#1; CUPRITE#1; TRIDYMITE#1,,,-67077.64455849766,-295256.90740000026,-82783.38964730431,-82.78338964730432,
1350,1076.85,SiO2,Cu2SiO4,copper orthosilicate,2Cu + SiO2 + O2 -> Cu2SiO4,-221453.8980406286,CUO#1; TRIDYMITE#1,,,-70746.38367789735,-307929.9322742684,-74686.53398573957,-74.68653398573957,
1400,1126.85,SiO2,Cu2SiO4,copper orthosilicate,2Cu + SiO2 + O2 -> Cu2SiO4,-224868.06509133405,GAS#1; IONIC_LIQ#2; TRIDYMITE#1,,,-74885.75572616636,-320669.92478441016,-70550.31248275028,-70.55031248275027,
1450,1176.85,SiO2,Cu2SiO4,copper orthosilicate,2Cu + SiO2 + O2 -> Cu2SiO4,-228584.67352317556,GAS#1; IONIC_LIQ#2; TRIDYMITE#1,,,-79154.90829742474,-333474.75137103954,-68079.84879847686,-68.07984879847686,
1500,1226.85,SiO2,Cu2SiO4,copper orthosilicate,2Cu + SiO2 + O2 -> Cu2SiO4,-232349.6764960864,GAS#1; IONIC_LIQ#2; TRIDYMITE#1,,,-83478.17103307633,-346342.4195472346,-65654.1967563713,-65.65419675637129,
1550,1276.85,SiO2,Cu2SiO4,copper orthosilicate,2Cu + SiO2 + O2 -> Cu2SiO4,-236162.0871555328,GAS#1; IONIC_LIQ#2; TRIDYMITE#1,,,-87853.73960806547,-359271.06726446614,-63275.34059969918,-63.27534059969918,
1600,1326.85,SiO2,Cu2SiO4,copper orthosilicate,2Cu + SiO2 + O2 -> Cu2SiO4,-240021.13563053712,GAS#1; IONIC_LIQ#2; TRIDYMITE#1,,,-92279.92616727331,-372258.95443950023,-60946.09216412413,-60.94609216412413,
1650,1376.85,SiO2,Cu2SiO4,copper orthosilicate,2Cu + SiO2 + O2 -> Cu2SiO4,-243926.32748148337,GAS#1; IONIC_LIQ#2; TRIDYMITE#1,,,-96755.14839899541,-385304.45669843507,-58670.55149410642,-58.67055149410642,
1700,1426.85,SiO2,Cu2SiO4,copper orthosilicate,2Cu + SiO2 + O2 -> Cu2SiO4,-247877.4455412011,GAS#1; IONIC_LIQ#2; TRIDYMITE#1,,,-101277.91993393125,-398406.06143899396,-56454.20089473901,-56.45420089473901,
1750,1476.85,SiO2,Cu2SiO4,copper orthosilicate,2Cu + SiO2 + O2 -> Cu2SiO4,-251874.55142487492,CRISTOBALITE#1; GAS#1; IONIC_LIQ#2,,,-105846.8418745748,-411562.36634471465,-54302.418121553026,-54.302418121553025,
1800,1526.85,SiO2,Cu2SiO4,copper orthosilicate,2Cu + SiO2 + O2 -> Cu2SiO4,-255918.29748521227,CRISTOBALITE#1; GAS#1; IONIC_LIQ#2,,,-110460.5952933756,-424772.08050325216,-52214.2038660238,-52.2142038660238,
1850,1576.85,SiO2,Cu2SiO4,copper orthosilicate,2Cu + SiO2 + O2 -> Cu2SiO4,-260007.1818209239,CRISTOBALITE#1; GAS#1; IONIC_LIQ#2,,,-115117.93456500792,-438034.02828497055,-50199.37692855508,-50.19937692855508,
1900,1626.85,SiO2,Cu2SiO4,copper orthosilicate,2Cu + SiO2 + O2 -> Cu2SiO4,-264141.17520182516,CRISTOBALITE#1; GAS#1; IONIC_LIQ#2,,,-119817.68141994256,-451347.15612763376,-48263.5571554394,-48.2635571554394,
800,526.85,MgO,CuMgO2,copper magnesioxide (hypothetical),Cu + MgO + 0.5 O2 -> CuMgO2,-210027.699429827,CUO#1; CUPRITE#1; HALITE#1,,,-33912.572992159054,-172813.30445913016,-84304.68705591268,-84.30468705591268,
850,576.85,MgO,CuMgO2,copper magnesioxide (hypothetical),Cu + MgO + 0.5 O2 -> CuMgO2,-212129.65185488266,CUO#1; HALITE#1,,,-36899.715722671725,-184655.7645699373,-80173.91941596603,-80.17391941596603,
900,626.85,MgO,CuMgO2,copper magnesioxide (hypothetical),Cu + MgO + 0.5 O2 -> CuMgO2,-214308.4378242018,CUO#1; HALITE#1,,,-39969.02623895592,-196598.46464191502,-76071.62639003282,-76.07162639003282,
950,676.85,MgO,CuMgO2,copper magnesioxide (hypothetical),Cu + MgO + 0.5 O2 -> CuMgO2,-216560.32489503335,CUO#1; CUPRITE#1; HALITE#1,,,-43116.53145504323,-208636.66243571485,-71996.36064250232,-71.99636064250231,
1000,726.85,MgO,CuMgO2,copper magnesioxide (hypothetical),Cu + MgO + 0.5 O2 -> CuMgO2,-218881.94848750878,CUO#1; HALITE#1,,,-46338.66341131481,-220766.04114120515,-67946.84257664671,-67.94684257664672,
1050,776.85,MgO,CuMgO2,copper magnesioxide (hypothetical),Cu + MgO + 0.5 O2 -> CuMgO2,-221270.26146104583,CUO#1; CUPRITE#1; HALITE#1,,,-49632.20212835616,-232982.6508510953,-63921.93640543963,-63.92193640543963,
1100,826.85,MgO,CuMgO2,copper magnesioxide (hypothetical),Cu + MgO + 0.5 O2 -> CuMgO2,-223722.4921993767,CUO#1; HALITE#1,,,-52994.23058128006,-245282.87268568174,-59920.62197186146,-59.92062197186146,
1150,876.85,MgO,CuMgO2,copper magnesioxide (hypothetical),Cu + MgO + 0.5 O2 -> CuMgO2,-226245.52810778274,GUGGENITE#1; HALITE#1,,,-56422.09952457435,-257663.3746140724,-55979.65039793705,-55.97965039793705,
1200,926.85,MgO,CuMgO2,copper magnesioxide (hypothetical),Cu + MgO + 0.5 O2 -> CuMgO2,-228870.91249562666,CUPRITE#1; GUGGENITE#1; HALITE#1,,,-59913.400421959326,-270121.07914274716,-52233.62931106286,-52.23362931106286,
1250,976.85,MgO,CuMgO2,copper magnesioxide (hypothetical),Cu + MgO + 0.5 O2 -> CuMgO2,-231553.02851370198,CUPRITE#1; GUGGENITE#1; HALITE#1,,,-63465.94505805945,-282653.13758733065,-48507.83815869712,-48.507838158697126,
1300,1026.85,MgO,CuMgO2,copper magnesioxide (hypothetical),Cu + MgO + 0.5 O2 -> CuMgO2,-234289.92265685345,CUPRITE#1; GUGGENITE#1; HALITE#1,,,-67077.64455849766,-295256.90740000026,-44801.69411324244,-44.80169411324244,
1350,1076.85,MgO,CuMgO2,copper magnesioxide (hypothetical),Cu + MgO + 0.5 O2 -> CuMgO2,-237079.7865509734,CUPRITE#1; GUGGENITE#1; HALITE#1,,,-70746.38367789735,-307929.9322742684,-41114.848870856105,-41.11484887085611,
1400,1126.85,MgO,CuMgO2,copper magnesioxide (hypothetical),Cu + MgO + 0.5 O2 -> CuMgO2,-239997.22412845015,GAS#1; HALITE#1; IONIC_LIQ#2,,,-74885.75572616636,-320669.92478441016,-37336.56044035964,-37.336560440359634,
1450,1176.85,MgO,CuMgO2,copper magnesioxide (hypothetical),Cu + MgO + 0.5 O2 -> CuMgO2,-243466.62785128522,GAS#1; HALITE#1; IONIC_LIQ#2,,,-79154.90829742474,-333474.75137103954,-35509.38524395297,-35.50938524395297,
1500,1226.85,MgO,CuMgO2,copper magnesioxide (hypothetical),Cu + MgO + 0.5 O2 -> CuMgO2,-247025.41430900435,GAS#1; HALITE#1; IONIC_LIQ#2,,,-83478.17103307633,-346342.4195472346,-33862.52128595277,-33.86252128595277,
1550,1276.85,MgO,CuMgO2,copper magnesioxide (hypothetical),Cu + MgO + 0.5 O2 -> CuMgO2,-250660.4977397381,GAS#1; HALITE#1; IONIC_LIQ#2,,,-87853.73960806547,-359271.06726446614,-32349.042930086143,-32.34904293008614,
1600,1326.85,MgO,CuMgO2,copper magnesioxide (hypothetical),Cu + MgO + 0.5 O2 -> CuMgO2,-254363.81607026333,GAS#1; HALITE#1; IONIC_LIQ#2,,,-92279.92616727331,-372258.95443950023,-30941.77585786674,-30.94177585786674,
1650,1376.85,MgO,CuMgO2,copper magnesioxide (hypothetical),Cu + MgO + 0.5 O2 -> CuMgO2,-258130.136988671,GAS#1; HALITE#1; IONIC_LIQ#2,,,-96755.14839899541,-385304.45669843507,-29624.550393031794,-29.624550393031793,
1700,1426.85,MgO,CuMgO2,copper magnesioxide (hypothetical),Cu + MgO + 0.5 O2 -> CuMgO2,-261955.93109809817,GAS#1; HALITE#1; IONIC_LIQ#2,,,-101277.91993393125,-398406.06143899396,-28387.72109924839,-28.387721099248388,
1750,1476.85,MgO,CuMgO2,copper magnesioxide (hypothetical),Cu + MgO + 0.5 O2 -> CuMgO2,-265838.7619687647,GAS#1; HALITE#1; IONIC_LIQ#2,,,-105846.8418745748,-411562.36634471465,-27225.729281312088,-27.225729281312088,
1800,1526.85,MgO,CuMgO2,copper magnesioxide (hypothetical),Cu + MgO + 0.5 O2 -> CuMgO2,-269776.9427837598,GAS#1; HALITE#1; IONIC_LIQ#2,,,-110460.5952933756,-424772.08050325216,-26135.726752678165,-26.135726752678167,
1850,1576.85,MgO,CuMgO2,copper magnesioxide (hypothetical),Cu + MgO + 0.5 O2 -> CuMgO2,-273769.3295906984,GAS#1; HALITE#1; IONIC_LIQ#2,,,-115117.93456500792,-438034.02828497055,-25116.78692069347,-25.11678692069347,
1900,1626.85,MgO,CuMgO2,copper magnesioxide (hypothetical),Cu + MgO + 0.5 O2 -> CuMgO2,-277815.20422220463,GAS#1; HALITE#1; IONIC_LIQ#2,,,-119817.68141994256,-451347.15612763376,-24169.45816001389,-24.169458160013892,
800,526.85,CaO,CuCaO2,copper calcioxide (hypothetical),Cu + CaO + 0.5 O2 -> CuCaO2,-220968.88104486023,CA2CUO3#1; CUO#1,,,-33912.572992159054,-172813.30445913016,-84678.98182846326,-84.67898182846326,
850,576.85,CaO,CuCaO2,copper calcioxide (hypothetical),Cu + CaO + 0.5 O2 -> CuCaO2,-223196.17632554314,CA2CUO3#1; CUO#1,,,-36899.715722671725,-184655.7645699373,-80300.55679477961,-80.30055679477961,
900,626.85,CaO,CuCaO2,copper calcioxide (hypothetical),Cu + CaO + 0.5 O2 -> CuCaO2,-225502.13303856208,CA2CUO3#1; CUO#1,,,-39969.02623895592,-196598.46464191502,-75949.4209455594,-75.9494209455594,
950,676.85,CaO,CuCaO2,copper calcioxide (hypothetical),Cu + CaO + 0.5 O2 -> CuCaO2,-227882.88177205384,CA2CUO3#1; CUO#1,,,-43116.53145504323,-208636.66243571485,-71624.30107861373,-71.62430107861373,
1000,726.85,CaO,CuCaO2,copper calcioxide (hypothetical),Cu + CaO + 0.5 O2 -> CuCaO2,-230334.93483881085,CA2CUO3#1; CUO#1,,,-46338.66341131481,-220766.04114120515,-67324.26078336872,-67.32426078336871,
1050,776.85,CaO,CuCaO2,copper calcioxide (hypothetical),Cu + CaO + 0.5 O2 -> CuCaO2,-232855.13377566895,CA2CUO3#1; CUO#1,,,-49632.20212835616,-232982.6508510953,-63048.331511899596,-63.0483315118996,
1100,826.85,CaO,CuCaO2,copper calcioxide (hypothetical),Cu + CaO + 0.5 O2 -> CuCaO2,-235440.60578521027,CA2CUO3#1; CUO#1,,,-52994.23058128006,-245282.87268568174,-58795.6093383088,-58.7956093383088,
1150,876.85,CaO,CuCaO2,copper calcioxide (hypothetical),Cu + CaO + 0.5 O2 -> CuCaO2,-238088.7273577959,CA2CUO3#1; CUO#1,,,-56422.09952457435,-257663.3746140724,-54565.269441037206,-54.56526944103721,
1200,926.85,CaO,CuCaO2,copper calcioxide (hypothetical),Cu + CaO + 0.5 O2 -> CuCaO2,-240797.09369422324,CA2CUO3#1; CUO#1,,,-59913.400421959326,-270121.07914274716,-50356.548892255756,-50.35654889225576,
1250,976.85,CaO,CuCaO2,copper calcioxide (hypothetical),Cu + CaO + 0.5 O2 -> CuCaO2,-243563.4928444089,CA2CUO3#1; CUO#1,,,-63465.94505805945,-282653.13758733065,-46168.72885685158,-46.16872885685158,
1300,1026.85,CaO,CuCaO2,copper calcioxide (hypothetical),Cu + CaO + 0.5 O2 -> CuCaO2,-246385.94484764914,CA2CUO3#1; CACU2O3#1,,,-67077.64455849766,-295256.90740000026,-42001.46808823175,-42.001468088231746,
1350,1076.85,CaO,CuCaO2,copper calcioxide (hypothetical),Cu + CaO + 0.5 O2 -> CuCaO2,-249721.1721624697,GAS#1; HALITE#1; IONIC_LIQ#2,,,-70746.38367789735,-307929.9322742684,-39688.858514507534,-39.68885851450754,
1400,1126.85,CaO,CuCaO2,copper calcioxide (hypothetical),Cu + CaO + 0.5 O2 -> CuCaO2,-253532.2441009389,GAS#1; HALITE#1; IONIC_LIQ#2,,,-74885.75572616636,-320669.92478441016,-38674.3096173862,-38.6743096173862,
1450,1176.85,CaO,CuCaO2,copper calcioxide (hypothetical),Cu + CaO + 0.5 O2 -> CuCaO2,-257394.41735909716,GAS#1; HALITE#1; IONIC_LIQ#2,,,-79154.90829742474,-333474.75137103954,-37604.100780782406,-37.6041007807824,
1500,1226.85,CaO,CuCaO2,copper calcioxide (hypothetical),Cu + CaO + 0.5 O2 -> CuCaO2,-261306.47176630428,GAS#1; HALITE#1; IONIC_LIQ#2,,,-83478.17103307633,-346342.4195472346,-36553.12764610979,-36.553127646109786,
1550,1276.85,CaO,CuCaO2,copper calcioxide (hypothetical),Cu + CaO + 0.5 O2 -> CuCaO2,-265267.31936968747,GAS#1; HALITE#1; IONIC_LIQ#2,,,-87853.73960806547,-359271.06726446614,-35522.68136292149,-35.52268136292149,
1600,1326.85,CaO,CuCaO2,copper calcioxide (hypothetical),Cu + CaO + 0.5 O2 -> CuCaO2,-269276.0000473797,GAS#1; HALITE#1; IONIC_LIQ#2,,,-92279.92616727331,-372258.95443950023,-34514.20376047841,-34.51420376047841,
1650,1376.85,CaO,CuCaO2,copper calcioxide (hypothetical),Cu + CaO + 0.5 O2 -> CuCaO2,-273331.6794757188,GAS#1; HALITE#1; IONIC_LIQ#2,,,-96755.14839899541,-385304.45669843507,-33529.30992030585,-33.52930992030585,
1700,1426.85,CaO,CuCaO2,copper calcioxide (hypothetical),Cu + CaO + 0.5 O2 -> CuCaO2,-277433.64940993086,GAS#1; HALITE#1; IONIC_LIQ#2,,,-101277.91993393125,-398406.06143899396,-32569.81557604554,-32.56981557604554,
1750,1476.85,CaO,CuCaO2,copper calcioxide (hypothetical),Cu + CaO + 0.5 O2 -> CuCaO2,-281581.3303579049,GAS#1; HALITE#1; IONIC_LIQ#2,,,-105846.8418745748,-411562.36634471465,-31637.770060058916,-31.637770060058916,
1800,1526.85,CaO,CuCaO2,copper calcioxide (hypothetical),Cu + CaO + 0.5 O2 -> CuCaO2,-285774.276838706,GAS#1; HALITE#1; IONIC_LIQ#2,,,-110460.5952933756,-424772.08050325216,-30735.49587729294,-30.735495877292937,
1850,1576.85,CaO,CuCaO2,copper calcioxide (hypothetical),Cu + CaO + 0.5 O2 -> CuCaO2,-290012.185356248,GAS#1; HALITE#1; IONIC_LIQ#2,,,-115117.93456500792,-438034.02828497055,-29865.63567696931,-29.86563567696931,
1900,1626.85,CaO,CuCaO2,copper calcioxide (hypothetical),Cu + CaO + 0.5 O2 -> CuCaO2,-294294.9148542832,GAS#1; HALITE#1; IONIC_LIQ#2,,,-119817.68141994256,-451347.15612763376,-29031.245889046695,-29.031245889046694,
800,526.85,ZrO2,CuZrO3,copper zirconate (hypothetical),Cu + ZrO2 + 0.5 O2 -> CuZrO3,-272421.9028157959,CUO#1; ZRO2_MONO#1,,,-33912.572992159054,-172813.30445913016,-83185.43338740966,-83.18543338740966,
850,576.85,ZrO2,CuZrO3,copper zirconate (hypothetical),Cu + ZrO2 + 0.5 O2 -> CuZrO3,-274526.46327444335,CUO#1; ZRO2_MONO#1,,,-36899.715722671725,-184655.7645699373,-78915.64560303115,-78.91564560303115,
900,626.85,ZrO2,CuZrO3,copper zirconate (hypothetical),Cu + ZrO2 + 0.5 O2 -> CuZrO3,-276706.19685472676,CUO#1; ZRO2_MONO#1,,,-39969.02623895592,-196598.46464191502,-74672.02559109288,-74.67202559109288,
950,676.85,ZrO2,CuZrO3,copper zirconate (hypothetical),Cu + ZrO2 + 0.5 O2 -> CuZrO3,-278957.50419100944,CUO#1; ZRO2_MONO#1,,,-43116.53145504323,-208636.66243571485,-70453.39590694895,-70.45339590694896,
1000,726.85,ZrO2,CuZrO3,copper zirconate (hypothetical),Cu + ZrO2 + 0.5 O2 -> CuZrO3,-281277.13917133166,CUO#1; ZRO2_MONO#1,,,-46338.66341131481,-220766.04114120515,-66258.70659699221,-66.25870659699221,
1050,776.85,ZrO2,CuZrO3,copper zirconate (hypothetical),Cu + ZrO2 + 0.5 O2 -> CuZrO3,-283662.16071571724,CUO#1; ZRO2_MONO#1,,,-49632.20212835616,-232982.6508510953,-62087.01844332181,-62.08701844332181,
1100,826.85,ZrO2,CuZrO3,copper zirconate (hypothetical),Cu + ZrO2 + 0.5 O2 -> CuZrO3,-286109.8926799288,CUO#1; ZRO2_MONO#1,,,-52994.23058128006,-245282.87268568174,-57937.480491150636,-57.93748049115064,
1150,876.85,ZrO2,CuZrO3,copper zirconate (hypothetical),Cu + ZrO2 + 0.5 O2 -> CuZrO3,-288617.8903088062,CUO#1; ZRO2_MONO#1,,,-56422.09952457435,-257663.3746140724,-53809.31607152475,-53.80931607152475,
1200,926.85,ZrO2,CuZrO3,copper zirconate (hypothetical),Cu + ZrO2 + 0.5 O2 -> CuZrO3,-291183.91199691396,CUO#1; ZRO2_MONO#1,,,-59913.400421959326,-270121.07914274716,-49701.8062199736,-49.7018062199736,
1250,976.85,ZrO2,CuZrO3,copper zirconate (hypothetical),Cu + ZrO2 + 0.5 O2 -> CuZrO3,-293805.89537488896,CUO#1; ZRO2_MONO#1,,,-63465.94505805945,-282653.13758733065,-45614.27239935682,-45.61427239935682,
1300,1026.85,ZrO2,CuZrO3,copper zirconate (hypothetical),Cu + ZrO2 + 0.5 O2 -> CuZrO3,-296481.9369426442,CUO#1; ZRO2_MONO#1,,,-67077.64455849766,-295256.90740000026,-41546.16586528113,-41.54616586528113,
1350,1076.85,ZrO2,CuZrO3,copper zirconate (hypothetical),Cu + ZrO2 + 0.5 O2 -> CuZrO3,-299210.2746283269,CUO#1; ZRO2_MONO#1,,,-70746.38367789735,-307929.9322742684,-37497.16660668142,-37.49716660668142,
1400,1126.85,ZrO2,CuZrO3,copper zirconate (hypothetical),Cu + ZrO2 + 0.5 O2 -> CuZrO3,-302371.57335378736,GAS#1; IONIC_LIQ#2; ZRO2_TETR#1,,,-74885.75572616636,-320669.92478441016,-34830.43195580994,-34.830431955809935,
1450,1176.85,ZrO2,CuZrO3,copper zirconate (hypothetical),Cu + ZrO2 + 0.5 O2 -> CuZrO3,-305875.55739066075,GAS#1; IONIC_LIQ#2; ZRO2_TETR#1,,,-79154.90829742474,-333474.75137103954,-33505.04890041449,-33.505048900414494,
1500,1226.85,ZrO2,CuZrO3,copper zirconate (hypothetical),Cu + ZrO2 + 0.5 O2 -> CuZrO3,-309429.7583772174,GAS#1; IONIC_LIQ#2; ZRO2_TETR#1,,,-83478.17103307633,-346342.4195472346,-32207.88666940038,-32.20788666940038,
1550,1276.85,ZrO2,CuZrO3,copper zirconate (hypothetical),Cu + ZrO2 + 0.5 O2 -> CuZrO3,-313033.94343979337,GAS#1; IONIC_LIQ#2; ZRO2_TETR#1,,,-87853.73960806547,-359271.06726446614,-30944.39566948428,-30.94439566948428,
1600,1326.85,ZrO2,CuZrO3,copper zirconate (hypothetical),Cu + ZrO2 + 0.5 O2 -> CuZrO3,-316687.96705550066,GAS#1; IONIC_LIQ#2; ZRO2_TETR#1,,,-92279.92616727331,-372258.95443950023,-29720.041418988723,-29.720041418988725,
1650,1376.85,ZrO2,CuZrO3,copper zirconate (hypothetical),Cu + ZrO2 + 0.5 O2 -> CuZrO3,-320391.7458493918,GAS#1; IONIC_LIQ#2; ZRO2_TETR#1,,,-96755.14839899541,-385304.45669843507,-28540.214676290052,-28.540214676290052,
1700,1426.85,ZrO2,CuZrO3,copper zirconate (hypothetical),Cu + ZrO2 + 0.5 O2 -> CuZrO3,-324145.2567176374,GAS#1; IONIC_LIQ#2; ZRO2_TETR#1,,,-101277.91993393125,-398406.06143899396,-27410.253086052136,-27.410253086052137,
1750,1476.85,ZrO2,CuZrO3,copper zirconate (hypothetical),Cu + ZrO2 + 0.5 O2 -> CuZrO3,-327948.5515831996,GAS#1; IONIC_LIQ#2; ZRO2_TETR#1,,,-105846.8418745748,-411562.36634471465,-26335.541390995728,-26.33554139099573,
1800,1526.85,ZrO2,CuZrO3,copper zirconate (hypothetical),Cu + ZrO2 + 0.5 O2 -> CuZrO3,-331801.7810053322,GAS#1; IONIC_LIQ#2; ZRO2_TETR#1,,,-110460.5952933756,-424772.08050325216,-25321.651717190398,-25.3216517171904,
1850,1576.85,ZrO2,CuZrO3,copper zirconate (hypothetical),Cu + ZrO2 + 0.5 O2 -> CuZrO3,-335705.2218237105,GAS#1; IONIC_LIQ#2; ZRO2_TETR#1,,,-115117.93456500792,-438034.02828497055,-24374.500142465113,-24.374500142465113,
1900,1626.85,ZrO2,CuZrO3,copper zirconate (hypothetical),Cu + ZrO2 + 0.5 O2 -> CuZrO3,-339659.3071028236,GAS#1; IONIC_LIQ#2; ZRO2_TETR#1,,,-119817.68141994256,-451347.15612763376,-23500.511140881805,-23.500511140881805,
800,526.85,NiO,CuNiO2,copper nickelate,Cu + NiO + 0.5 O2 -> CuNiO2,-123044.72632450203,CUO#1; CUPRITE#1; HALITE#1,,,-33912.572992159054,-172813.30445913016,-86855.96837985597,-86.85596837985597,
850,576.85,NiO,CuNiO2,copper nickelate,Cu + NiO + 0.5 O2 -> CuNiO2,-125399.8743131809,CUO#1; CUPRITE#1; HALITE#1,,,-36899.715722671725,-184655.7645699373,-82757.82584979438,-82.75782584979437,
900,626.85,NiO,CuNiO2,copper nickelate,Cu + NiO + 0.5 O2 -> CuNiO2,-127835.30047850971,CUO#1; CUPRITE#1; HALITE#1,,,-39969.02623895592,-196598.46464191502,-78684.80285737937,-78.68480285737937,
950,676.85,NiO,CuNiO2,copper nickelate,Cu + NiO + 0.5 O2 -> CuNiO2,-130347.11310585453,CUO#1; CUPRITE#1; HALITE#1,,,-43116.53145504323,-208636.66243571485,-74636.04586277442,-74.63604586277442,
1000,726.85,NiO,CuNiO2,copper nickelate,Cu + NiO + 0.5 O2 -> CuNiO2,-132931.96870696344,CUO#1; CUPRITE#1; HALITE#1,,,-46338.66341131481,-220766.04114120515,-70610.73962113535,-70.61073962113535,
1050,776.85,NiO,CuNiO2,copper nickelate,Cu + NiO + 0.5 O2 -> CuNiO2,-135586.30878633572,CUO#1; CUPRITE#1; HALITE#1,,,-49632.20212835616,-232982.6508510953,-66608.13372787304,-66.60813372787304,
1100,826.85,NiO,CuNiO2,copper nickelate,Cu + NiO + 0.5 O2 -> CuNiO2,-138307.39612503708,CUO#1; CUPRITE#1; HALITE#1,,,-52994.23058128006,-245282.87268568174,-62627.55319548014,-62.62755319548014,
1150,876.85,NiO,CuNiO2,copper nickelate,Cu + NiO + 0.5 O2 -> CuNiO2,-141092.61077325483,CUO#1; CUPRITE#1; HALITE#1,,,-56422.09952457435,-257663.3746140724,-58668.40998940723,-58.66840998940723,
1200,926.85,NiO,CuNiO2,copper nickelate,Cu + NiO + 0.5 O2 -> CuNiO2,-143939.5873717737,CUO#1; CUPRITE#1; HALITE#1,,,-59913.400421959326,-270121.07914274716,-54730.209069258766,-54.73020906925877,
1250,976.85,NiO,CuNiO2,copper nickelate,Cu + NiO + 0.5 O2 -> CuNiO2,-146846.18960131585,CUO#1; CUPRITE#1; HALITE#1,,,-63465.94505805945,-282653.13758733065,-50812.55077146727,-50.81255077146727,
1300,1026.85,NiO,CuNiO2,copper nickelate,Cu + NiO + 0.5 O2 -> CuNiO2,-149810.48935240807,CUO#1; CUPRITE#1; HALITE#1,,,-67077.64455849766,-295256.90740000026,-46915.2374258762,-46.9152374258762,
1350,1076.85,NiO,CuNiO2,copper nickelate,Cu + NiO + 0.5 O2 -> CuNiO2,-152830.75365876235,CUO#1; HALITE#1; IONIC_LIQ#2,,,-70746.38367789735,-307929.9322742684,-43038.40550393402,-43.038405503934015,
1400,1126.85,NiO,CuNiO2,copper nickelate,Cu + NiO + 0.5 O2 -> CuNiO2,-156146.2792678535,GAS#1; HALITE#1; IONIC_LIQ#2,,,-74885.75572616636,-320669.92478441016,-39730.177742071915,-39.730177742071916,
1450,1176.85,NiO,CuNiO2,copper nickelate,Cu + NiO + 0.5 O2 -> CuNiO2,-159772.25588243085,GAS#1; HALITE#1; IONIC_LIQ#2,,,-79154.90829742474,-333474.75137103954,-37396.31018881721,-37.39631018881721,
1500,1226.85,NiO,CuNiO2,copper nickelate,Cu + NiO + 0.5 O2 -> CuNiO2,-163521.00988086374,GAS#1; HALITE#1; IONIC_LIQ#2,,,-83478.17103307633,-346342.4195472346,-35365.57290505001,-35.36557290505001,
1550,1276.85,NiO,CuNiO2,copper nickelate,Cu + NiO + 0.5 O2 -> CuNiO2,-167373.61117094857,GAS#1; HALITE#1; IONIC_LIQ#2,,,-87853.73960806547,-359271.06726446614,-33567.5215999427,-33.5675215999427,
1600,1326.85,NiO,CuNiO2,copper nickelate,Cu + NiO + 0.5 O2 -> CuNiO2,-171318.70068298784,GAS#1; HALITE#1; IONIC_LIQ#2,,,-92279.92616727331,-372258.95443950023,-31961.580755433533,-31.961580755433534,
1650,1376.85,NiO,CuNiO2,copper nickelate,Cu + NiO + 0.5 O2 -> CuNiO2,-175350.0608769911,GAS#1; HALITE#1; IONIC_LIQ#2,,,-96755.14839899541,-385304.45669843507,-30527.356237075408,-30.52735623707541,
1700,1426.85,NiO,CuNiO2,copper nickelate,Cu + NiO + 0.5 O2 -> CuNiO2,-179465.81102577745,GAS#1; HALITE#1; IONIC_LIQ#2,,,-101277.91993393125,-398406.06143899396,-29261.437216457678,-29.26143721645768,
1750,1476.85,NiO,CuNiO2,copper nickelate,Cu + NiO + 0.5 O2 -> CuNiO2,-183669.1108913276,GAS#1; HALITE#1; IONIC_LIQ#2,,,-105846.8418745748,-411562.36634471465,-28180.074879511492,-28.18007487951149,
1800,1526.85,NiO,CuNiO2,copper nickelate,Cu + NiO + 0.5 O2 -> CuNiO2,-187971.67786459383,GAS#1; HALITE#1; IONIC_LIQ#2,,,-110460.5952933756,-424772.08050325216,-27333.63264363294,-27.33363264363294,
1850,1576.85,NiO,CuNiO2,copper nickelate,Cu + NiO + 0.5 O2 -> CuNiO2,-192403.42524913006,GAS#1; HALITE#1; IONIC_LIQ#2,,,-115117.93456500792,-438034.02828497055,-26844.849941767054,-26.844849941767055,
1900,1626.85,NiO,CuNiO2,copper nickelate,Cu + NiO + 0.5 O2 -> CuNiO2,-197013.57553309764,GAS#1; IONIC_LIQ#2,,,-119817.68141994256,-451347.15612763376,-26913.377421391546,-26.913377421391544,
800,526.85,CoO,CuCo2O4,copper cobaltite spinel,Cu + 2CoO + O2 -> CuCo2O4,-132661.43741436116,CUO#1; GAS#1; SPINEL#1,SPINEL#1,-146807.7291119789,-33912.572992159054,-172813.30445913016,-131496.373418077,-131.496373418077,
850,576.85,CoO,CuCo2O4,copper cobaltite spinel,Cu + 2CoO + O2 -> CuCo2O4,-134869.02858181487,CUO#1; GAS#1; SPINEL#1,SPINEL#1,-148445.66924800962,-36899.715722671725,-184655.7645699373,-121351.6849192048,-121.3516849192048,
900,626.85,CoO,CuCo2O4,copper cobaltite spinel,Cu + 2CoO + O2 -> CuCo2O4,-137158.53592897614,CUO#1; GAS#1; SPINEL#1,SPINEL#1,-150139.6341900118,-39969.02623895592,-196598.46464191502,-111268.7971681155,-111.2687971681155,
950,676.85,CoO,CuCo2O4,copper cobaltite spinel,Cu + 2CoO + O2 -> CuCo2O4,-139531.51580335613,CUO#1; GAS#1; SPINEL#1,SPINEL#1,-151867.98037644126,-43116.53145504323,-208636.66243571485,-101282.4330573628,-101.2824330573628,
1000,726.85,CoO,CuCo2O4,copper cobaltite spinel,Cu + 2CoO + O2 -> CuCo2O4,-141992.00363419225,CUO#1; GAS#1; SPINEL#1,SPINEL#1,-153611.6115180748,-46338.66341131481,-220766.04114120515,-91442.27837739559,-91.4422783773956,
1050,776.85,CoO,CuCo2O4,copper cobaltite spinel,Cu + 2CoO + O2 -> CuCo2O4,-144547.09596317066,CUO#1; GAS#1; SPINEL#1,SPINEL#1,-155388.18748480547,-49632.20212835616,-232982.6508510953,-81817.40191804525,-81.81740191804525,
1100,826.85,CoO,CuCo2O4,copper cobaltite spinel,Cu + 2CoO + O2 -> CuCo2O4,-147205.71769761076,CUO#1; GAS#1; SPINEL#1,SPINEL#1,-157314.5797229973,-52994.23058128006,-245282.87268568174,-72487.8938348171,-72.4878938348171,
1150,876.85,CoO,CuCo2O4,copper cobaltite spinel,Cu + 2CoO + O2 -> CuCo2O4,-149973.29470880388,CUO#1; GAS#1; SPINEL#1,SPINEL#1,-159573.74478215474,-56422.09952457435,-257663.3746140724,-63507.807445191545,-63.507807445191546,
1200,926.85,CoO,CuCo2O4,copper cobaltite spinel,Cu + 2CoO + O2 -> CuCo2O4,-153054.36277537272,GAS#1; HALITE#1,,,-59913.400421959326,-270121.07914274716,-56323.60990468762,-56.32360990468762,
1250,976.85,CoO,CuCo2O4,copper cobaltite spinel,Cu + 2CoO + O2 -> CuCo2O4,-156857.64074610415,GAS#1; HALITE#1,,,-63465.94505805945,-282653.13758733065,-53809.84845444921,-53.80984845444921,
1300,1026.85,CoO,CuCo2O4,copper cobaltite spinel,Cu + 2CoO + O2 -> CuCo2O4,-160717.19558687462,GAS#1; HALITE#1,,,-67077.64455849766,-295256.90740000026,-51317.53969450807,-51.31753969450807,
1350,1076.85,CoO,CuCo2O4,copper cobaltite spinel,Cu + 2CoO + O2 -> CuCo2O4,-164631.28714257086,GAS#1; HALITE#1,,,-70746.38367789735,-307929.9322742684,-48846.30135489395,-48.846301354893946,
1400,1126.85,CoO,CuCo2O4,copper cobaltite spinel,Cu + 2CoO + O2 -> CuCo2O4,-168598.30103500292,GAS#1; HALITE#1,,,-74885.75572616636,-320669.92478441016,-45980.131042724475,-45.98013104272447,
1450,1176.85,CoO,CuCo2O4,copper cobaltite spinel,Cu + 2CoO + O2 -> CuCo2O4,-172623.38868788708,GAS#1; HALITE#1; IONIC_LIQ#2,,,-79154.90829742474,-333474.75137103954,-43104.19488027599,-43.10419488027599,
1500,1226.85,CoO,CuCo2O4,copper cobaltite spinel,Cu + 2CoO + O2 -> CuCo2O4,-176770.82467330003,GAS#1; HALITE#1; IONIC_LIQ#2,,,-83478.17103307633,-346342.4195472346,-40750.990202315385,-40.750990202315386,
1550,1276.85,CoO,CuCo2O4,copper cobaltite spinel,Cu + 2CoO + O2 -> CuCo2O4,-181036.14507243855,GAS#1; HALITE#1; IONIC_LIQ#2,,,-87853.73960806547,-359271.06726446614,-38897.82677530055,-38.89782677530055,
1600,1326.85,CoO,CuCo2O4,copper cobaltite spinel,Cu + 2CoO + O2 -> CuCo2O4,-185404.01140420476,GAS#1; HALITE#1; IONIC_LIQ#2,,,-92279.92616727331,-372258.95443950023,-37445.515731545165,-37.445515731545164,
1650,1376.85,CoO,CuCo2O4,copper cobaltite spinel,Cu + 2CoO + O2 -> CuCo2O4,-189868.96986418634,GAS#1; HALITE#1; IONIC_LIQ#2,,,-96755.14839899541,-385304.45669843507,-36363.67882821406,-36.36367882821406,
1700,1426.85,CoO,CuCo2O4,copper cobaltite spinel,Cu + 2CoO + O2 -> CuCo2O4,-194433.35492696182,GAS#1; HALITE#1; IONIC_LIQ#2,,,-101277.91993393125,-398406.06143899396,-35675.73604689352,-35.67573604689352,
1750,1476.85,CoO,CuCo2O4,copper cobaltite spinel,Cu + 2CoO + O2 -> CuCo2O4,-199105.84452031757,GAS#1; HALITE#1; IONIC_LIQ#2,,,-105846.8418745748,-411562.36634471465,-35448.87220114004,-35.44887220114004,
1800,1526.85,CoO,CuCo2O4,copper cobaltite spinel,Cu + 2CoO + O2 -> CuCo2O4,-203900.5722657952,GAS#1; HALITE#1; IONIC_LIQ#2,,,-110460.5952933756,-424772.08050325216,-35787.288331403164,-35.78728833140316,
1850,1576.85,CoO,CuCo2O4,copper cobaltite spinel,Cu + 2CoO + O2 -> CuCo2O4,-208839.03387342842,GAS#1; IONIC_LIQ#2,,,-115117.93456500792,-438034.02828497055,-36847.41729622381,-36.84741729622381,
1900,1626.85,CoO,CuCo2O4,copper cobaltite spinel,Cu + 2CoO + O2 -> CuCo2O4,-213874.38885628598,GAS#1; IONIC_LIQ#2,,,-119817.68141994256,-451347.15612763376,-38306.37964705657,-38.30637964705657,
800,526.85,La2O3,CuLaO2,copper lanthanum oxide,Cu + 0.5 La2O3 + 0.25 O2 -> CuLaO2,-274758.70132651686,DELAFOSSITE#1,DELAFOSSITE#1,-274758.70132651686,-33912.572992159054,-172813.30445913016,-58408.89249355765,-58.40889249355765,
850,576.85,La2O3,CuLaO2,copper lanthanum oxide,Cu + 0.5 La2O3 + 0.25 O2 -> CuLaO2,-277336.0383571848,DELAFOSSITE#1; FCC_A1#1; M2O3A#1,DELAFOSSITE#1,-277336.0383571848,-36899.715722671725,-184655.7645699373,-56514.12826332776,-56.514128263327756,
900,626.85,La2O3,CuLaO2,copper lanthanum oxide,Cu + 0.5 La2O3 + 0.25 O2 -> CuLaO2,-279990.21202805237,DELAFOSSITE#1,DELAFOSSITE#1,-279990.21202805237,-39969.02623895592,-196598.46464191502,-54627.31741150585,-54.62731741150585,
950,676.85,La2O3,CuLaO2,copper lanthanum oxide,Cu + 0.5 La2O3 + 0.25 O2 -> CuLaO2,-282717.58209846856,DELAFOSSITE#1,DELAFOSSITE#1,-282717.58209846856,-43116.53145504323,-208636.66243571485,-52748.267061300576,-52.748267061300574,
1000,726.85,La2O3,CuLaO2,copper lanthanum oxide,Cu + 0.5 La2O3 + 0.25 O2 -> CuLaO2,-285514.87506935134,CULA2O4#1; CUPRITE#1; DELAFOSSITE#1,DELAFOSSITE#1,-285514.87506935134,-46338.66341131481,-220766.04114120515,-50876.78796932241,-50.87678796932241,
1050,776.85,La2O3,CuLaO2,copper lanthanum oxide,Cu + 0.5 La2O3 + 0.25 O2 -> CuLaO2,-288379.13218848075,CULA2O4#1; DELAFOSSITE#1; M2O3A#1,DELAFOSSITE#1,-288379.13218848075,-49632.20212835616,-232982.6508510953,-49012.69628913095,-49.01269628913095,
1100,826.85,La2O3,CuLaO2,copper lanthanum oxide,Cu + 0.5 La2O3 + 0.25 O2 -> CuLaO2,-291307.66669769527,DELAFOSSITE#1,DELAFOSSITE#1,-291307.66669769527,-52994.23058128006,-245282.87268568174,-47155.810423819115,-47.15581042381911,
1150,876.85,La2O3,CuLaO2,copper lanthanum oxide,Cu + 0.5 La2O3 + 0.25 O2 -> CuLaO2,-294298.0283885802,DELAFOSSITE#1,DELAFOSSITE#1,-294298.0283885802,-56422.09952457435,-257663.3746140724,-45305.95005665184,-45.30595005665184,
1200,926.85,La2O3,CuLaO2,copper lanthanum oxide,Cu + 0.5 La2O3 + 0.25 O2 -> CuLaO2,-297347.97399039404,CULA2O4#1; DELAFOSSITE#1; M2O3A#1,DELAFOSSITE#1,-297347.97399039404,-59913.400421959326,-270121.07914274716,-43462.93187735765,-43.462931877357654,
1250,976.85,La2O3,CuLaO2,copper lanthanum oxide,Cu + 0.5 La2O3 + 0.25 O2 -> CuLaO2,-300455.4422524634,DELAFOSSITE#1,DELAFOSSITE#1,-300455.4422524634,-63465.94505805945,-282653.13758733065,-41626.56310892757,-41.62656310892757,
1300,1026.85,La2O3,CuLaO2,copper lanthanum oxide,Cu + 0.5 La2O3 + 0.25 O2 -> CuLaO2,-303618.53283613094,DELAFOSSITE#1,DELAFOSSITE#1,-303618.53283613094,-67077.64455849766,-295256.90740000026,-39796.73975211126,-39.79673975211126,
1350,1076.85,La2O3,CuLaO2,copper lanthanum oxide,Cu + 0.5 La2O3 + 0.25 O2 -> CuLaO2,-306835.4883219421,DELAFOSSITE#1,DELAFOSSITE#1,-306835.4883219421,-70746.38367789735,-307929.9322742684,-37973.55281581683,-37.97355281581683,
1400,1126.85,La2O3,CuLaO2,copper lanthanum oxide,Cu + 0.5 La2O3 + 0.25 O2 -> CuLaO2,-310104.678782732,CULA2O4#1; CUPRITE#1; DELAFOSSITE#1,DELAFOSSITE#1,-310104.678782732,-74885.75572616636,-320669.92478441016,-35741.53650123603,-35.74153650123603,
1450,1176.85,La2O3,CuLaO2,copper lanthanum oxide,Cu + 0.5 La2O3 + 0.25 O2 -> CuLaO2,-313424.58848450705,DELAFOSSITE#1,DELAFOSSITE#1,-313424.58848450705,-79154.90829742474,-333474.75137103954,-33439.80766292382,-33.43980766292382,
1500,1226.85,La2O3,CuLaO2,copper lanthanum oxide,Cu + 0.5 La2O3 + 0.25 O2 -> CuLaO2,-316793.80436308635,DELAFOSSITE#1,DELAFOSSITE#1,-316793.80436308635,-83478.17103307633,-346342.4195472346,-31142.42490888154,-31.14242490888154,
1550,1276.85,La2O3,CuLaO2,copper lanthanum oxide,Cu + 0.5 La2O3 + 0.25 O2 -> CuLaO2,-320474.14697082737,IONIC_LIQ#1; IONIC_LIQ#2; M2O3A#1,,,-87853.73960806547,-359271.06726446614,-29902.256736134645,-29.902256736134646,
1600,1326.85,La2O3,CuLaO2,copper lanthanum oxide,Cu + 0.5 La2O3 + 0.25 O2 -> CuLaO2,-324360.2457163425,IONIC_LIQ#1; IONIC_LIQ#2; M2O3A#1,,,-92279.92616727331,-372258.95443950023,-29303.05641719955,-29.30305641719955,
1650,1376.85,La2O3,CuLaO2,copper lanthanum oxide,Cu + 0.5 La2O3 + 0.25 O2 -> CuLaO2,-328311.22915832466,IONIC_LIQ#1; IONIC_LIQ#2; M2O3A#1,,,-96755.14839899541,-385304.45669843507,-28786.25501735648,-28.78625501735648,
1700,1426.85,La2O3,CuLaO2,copper lanthanum oxide,Cu + 0.5 La2O3 + 0.25 O2 -> CuLaO2,-332328.5073020392,IONIC_LIQ#1; IONIC_LIQ#2; M2O3A#1,,,-101277.91993393125,-398406.06143899396,-28362.118066659197,-28.362118066659196,
1750,1476.85,La2O3,CuLaO2,copper lanthanum oxide,Cu + 0.5 La2O3 + 0.25 O2 -> CuLaO2,-336413.90645274456,IONIC_LIQ#1; IONIC_LIQ#2; M2O3A#1,,,-105846.8418745748,-411562.36634471465,-28041.371907810913,-28.041371907810912,
1800,1526.85,La2O3,CuLaO2,copper lanthanum oxide,Cu + 0.5 La2O3 + 0.25 O2 -> CuLaO2,-340569.7762879045,IONIC_LIQ#1; IONIC_LIQ#2; M2O3A#1,,,-110460.5952933756,-424772.08050325216,-27838.381940894527,-27.83838194089453,
1850,1576.85,La2O3,CuLaO2,copper lanthanum oxide,Cu + 0.5 La2O3 + 0.25 O2 -> CuLaO2,-344799.14359334233,IONIC_LIQ#1; IONIC_LIQ#2; M2O3A#1,,,-115117.93456500792,-438034.02828497055,-27769.180140063865,-27.769180140063867,
1900,1626.85,La2O3,CuLaO2,copper lanthanum oxide,Cu + 0.5 La2O3 + 0.25 O2 -> CuLaO2,-349105.93321909936,IONIC_LIQ#1; IONIC_LIQ#2; M2O3A#1,,,-119817.68141994256,-451347.15612763376,-27853.125564537244,-27.853125564537244,
800,526.85,CeO2,CuCeO3,copper cerate (hypothetical),Cu + CeO2 + 0.5 O2 -> CuCeO3,,"ERROR: Thermo-Calc calculation error: se.thermocalc.core.CalculationEngineException: The element CE is not in the database, it contains only the following elements: [/-, AL, AR, B, BA, C, CA, CO, CR, CU, F, FE, GD, H, HF, K, LA, LI, MG, MN, MO, N, NA, NB, NI, O, P, S, SI, TI, V, VA, W, Y, YB, ZR]",,,,,,,Element CE not in TCOX14
850,576.85,CeO2,CuCeO3,copper cerate (hypothetical),Cu + CeO2 + 0.5 O2 -> CuCeO3,,"ERROR: Thermo-Calc calculation error: se.thermocalc.core.CalculationEngineException: The element CE is not in the database, it contains only the following elements: [/-, AL, AR, B, BA, C, CA, CO, CR, CU, F, FE, GD, H, HF, K, LA, LI, MG, MN, MO, N, NA, NB, NI, O, P, S, SI, TI, V, VA, W, Y, YB, ZR]",,,,,,,Element CE not in TCOX14
900,626.85,CeO2,CuCeO3,copper cerate (hypothetical),Cu + CeO2 + 0.5 O2 -> CuCeO3,,"ERROR: Thermo-Calc calculation error: se.thermocalc.core.CalculationEngineException: The element CE is not in the database, it contains only the following elements: [/-, AL, AR, B, BA, C, CA, CO, CR, CU, F, FE, GD, H, HF, K, LA, LI, MG, MN, MO, N, NA, NB, NI, O, P, S, SI, TI, V, VA, W, Y, YB, ZR]",,,,,,,Element CE not in TCOX14
950,676.85,CeO2,CuCeO3,copper cerate (hypothetical),Cu + CeO2 + 0.5 O2 -> CuCeO3,,"ERROR: Thermo-Calc calculation error: se.thermocalc.core.CalculationEngineException: The element CE is not in the database, it contains only the following elements: [/-, AL, AR, B, BA, C, CA, CO, CR, CU, F, FE, GD, H, HF, K, LA, LI, MG, MN, MO, N, NA, NB, NI, O, P, S, SI, TI, V, VA, W, Y, YB, ZR]",,,,,,,Element CE not in TCOX14
1000,726.85,CeO2,CuCeO3,copper cerate (hypothetical),Cu + CeO2 + 0.5 O2 -> CuCeO3,,"ERROR: Thermo-Calc calculation error: se.thermocalc.core.CalculationEngineException: The element CE is not in the database, it contains only the following elements: [/-, AL, AR, B, BA, C, CA, CO, CR, CU, F, FE, GD, H, HF, K, LA, LI, MG, MN, MO, N, NA, NB, NI, O, P, S, SI, TI, V, VA, W, Y, YB, ZR]",,,,,,,Element CE not in TCOX14
1050,776.85,CeO2,CuCeO3,copper cerate (hypothetical),Cu + CeO2 + 0.5 O2 -> CuCeO3,,"ERROR: Thermo-Calc calculation error: se.thermocalc.core.CalculationEngineException: The element CE is not in the database, it contains only the following elements: [/-, AL, AR, B, BA, C, CA, CO, CR, CU, F, FE, GD, H, HF, K, LA, LI, MG, MN, MO, N, NA, NB, NI, O, P, S, SI, TI, V, VA, W, Y, YB, ZR]",,,,,,,Element CE not in TCOX14
1100,826.85,CeO2,CuCeO3,copper cerate (hypothetical),Cu + CeO2 + 0.5 O2 -> CuCeO3,,"ERROR: Thermo-Calc calculation error: se.thermocalc.core.CalculationEngineException: The element CE is not in the database, it contains only the following elements: [/-, AL, AR, B, BA, C, CA, CO, CR, CU, F, FE, GD, H, HF, K, LA, LI, MG, MN, MO, N, NA, NB, NI, O, P, S, SI, TI, V, VA, W, Y, YB, ZR]",,,,,,,Element CE not in TCOX14
1150,876.85,CeO2,CuCeO3,copper cerate (hypothetical),Cu + CeO2 + 0.5 O2 -> CuCeO3,,"ERROR: Thermo-Calc calculation error: se.thermocalc.core.CalculationEngineException: The element CE is not in the database, it contains only the following elements: [/-, AL, AR, B, BA, C, CA, CO, CR, CU, F, FE, GD, H, HF, K, LA, LI, MG, MN, MO, N, NA, NB, NI, O, P, S, SI, TI, V, VA, W, Y, YB, ZR]",,,,,,,Element CE not in TCOX14
1200,926.85,CeO2,CuCeO3,copper cerate (hypothetical),Cu + CeO2 + 0.5 O2 -> CuCeO3,,"ERROR: Thermo-Calc calculation error: se.thermocalc.core.CalculationEngineException: The element CE is not in the database, it contains only the following elements: [/-, AL, AR, B, BA, C, CA, CO, CR, CU, F, FE, GD, H, HF, K, LA, LI, MG, MN, MO, N, NA, NB, NI, O, P, S, SI, TI, V, VA, W, Y, YB, ZR]",,,,,,,Element CE not in TCOX14
1250,976.85,CeO2,CuCeO3,copper cerate (hypothetical),Cu + CeO2 + 0.5 O2 -> CuCeO3,,"ERROR: Thermo-Calc calculation error: se.thermocalc.core.CalculationEngineException: The element CE is not in the database, it contains only the following elements: [/-, AL, AR, B, BA, C, CA, CO, CR, CU, F, FE, GD, H, HF, K, LA, LI, MG, MN, MO, N, NA, NB, NI, O, P, S, SI, TI, V, VA, W, Y, YB, ZR]",,,,,,,Element CE not in TCOX14
1300,1026.85,CeO2,CuCeO3,copper cerate (hypothetical),Cu + CeO2 + 0.5 O2 -> CuCeO3,,"ERROR: Thermo-Calc calculation error: se.thermocalc.core.CalculationEngineException: The element CE is not in the database, it contains only the following elements: [/-, AL, AR, B, BA, C, CA, CO, CR, CU, F, FE, GD, H, HF, K, LA, LI, MG, MN, MO, N, NA, NB, NI, O, P, S, SI, TI, V, VA, W, Y, YB, ZR]",,,,,,,Element CE not in TCOX14
1350,1076.85,CeO2,CuCeO3,copper cerate (hypothetical),Cu + CeO2 + 0.5 O2 -> CuCeO3,,"ERROR: Thermo-Calc calculation error: se.thermocalc.core.CalculationEngineException: The element CE is not in the database, it contains only the following elements: [/-, AL, AR, B, BA, C, CA, CO, CR, CU, F, FE, GD, H, HF, K, LA, LI, MG, MN, MO, N, NA, NB, NI, O, P, S, SI, TI, V, VA, W, Y, YB, ZR]",,,,,,,Element CE not in TCOX14
1400,1126.85,CeO2,CuCeO3,copper cerate (hypothetical),Cu + CeO2 + 0.5 O2 -> CuCeO3,,"ERROR: Thermo-Calc calculation error: se.thermocalc.core.CalculationEngineException: The element CE is not in the database, it contains only the following elements: [/-, AL, AR, B, BA, C, CA, CO, CR, CU, F, FE, GD, H, HF, K, LA, LI, MG, MN, MO, N, NA, NB, NI, O, P, S, SI, TI, V, VA, W, Y, YB, ZR]",,,,,,,Element CE not in TCOX14
1450,1176.85,CeO2,CuCeO3,copper cerate (hypothetical),Cu + CeO2 + 0.5 O2 -> CuCeO3,,"ERROR: Thermo-Calc calculation error: se.thermocalc.core.CalculationEngineException: The element CE is not in the database, it contains only the following elements: [/-, AL, AR, B, BA, C, CA, CO, CR, CU, F, FE, GD, H, HF, K, LA, LI, MG, MN, MO, N, NA, NB, NI, O, P, S, SI, TI, V, VA, W, Y, YB, ZR]",,,,,,,Element CE not in TCOX14
1500,1226.85,CeO2,CuCeO3,copper cerate (hypothetical),Cu + CeO2 + 0.5 O2 -> CuCeO3,,"ERROR: Thermo-Calc calculation error: se.thermocalc.core.CalculationEngineException: The element CE is not in the database, it contains only the following elements: [/-, AL, AR, B, BA, C, CA, CO, CR, CU, F, FE, GD, H, HF, K, LA, LI, MG, MN, MO, N, NA, NB, NI, O, P, S, SI, TI, V, VA, W, Y, YB, ZR]",,,,,,,Element CE not in TCOX14
1550,1276.85,CeO2,CuCeO3,copper cerate (hypothetical),Cu + CeO2 + 0.5 O2 -> CuCeO3,,"ERROR: Thermo-Calc calculation error: se.thermocalc.core.CalculationEngineException: The element CE is not in the database, it contains only the following elements: [/-, AL, AR, B, BA, C, CA, CO, CR, CU, F, FE, GD, H, HF, K, LA, LI, MG, MN, MO, N, NA, NB, NI, O, P, S, SI, TI, V, VA, W, Y, YB, ZR]",,,,,,,Element CE not in TCOX14
1600,1326.85,CeO2,CuCeO3,copper cerate (hypothetical),Cu + CeO2 + 0.5 O2 -> CuCeO3,,"ERROR: Thermo-Calc calculation error: se.thermocalc.core.CalculationEngineException: The element CE is not in the database, it contains only the following elements: [/-, AL, AR, B, BA, C, CA, CO, CR, CU, F, FE, GD, H, HF, K, LA, LI, MG, MN, MO, N, NA, NB, NI, O, P, S, SI, TI, V, VA, W, Y, YB, ZR]",,,,,,,Element CE not in TCOX14
1650,1376.85,CeO2,CuCeO3,copper cerate (hypothetical),Cu + CeO2 + 0.5 O2 -> CuCeO3,,"ERROR: Thermo-Calc calculation error: se.thermocalc.core.CalculationEngineException: The element CE is not in the database, it contains only the following elements: [/-, AL, AR, B, BA, C, CA, CO, CR, CU, F, FE, GD, H, HF, K, LA, LI, MG, MN, MO, N, NA, NB, NI, O, P, S, SI, TI, V, VA, W, Y, YB, ZR]",,,,,,,Element CE not in TCOX14
1700,1426.85,CeO2,CuCeO3,copper cerate (hypothetical),Cu + CeO2 + 0.5 O2 -> CuCeO3,,"ERROR: Thermo-Calc calculation error: se.thermocalc.core.CalculationEngineException: The element CE is not in the database, it contains only the following elements: [/-, AL, AR, B, BA, C, CA, CO, CR, CU, F, FE, GD, H, HF, K, LA, LI, MG, MN, MO, N, NA, NB, NI, O, P, S, SI, TI, V, VA, W, Y, YB, ZR]",,,,,,,Element CE not in TCOX14
1750,1476.85,CeO2,CuCeO3,copper cerate (hypothetical),Cu + CeO2 + 0.5 O2 -> CuCeO3,,"ERROR: Thermo-Calc calculation error: se.thermocalc.core.CalculationEngineException: The element CE is not in the database, it contains only the following elements: [/-, AL, AR, B, BA, C, CA, CO, CR, CU, F, FE, GD, H, HF, K, LA, LI, MG, MN, MO, N, NA, NB, NI, O, P, S, SI, TI, V, VA, W, Y, YB, ZR]",,,,,,,Element CE not in TCOX14
1800,1526.85,CeO2,CuCeO3,copper cerate (hypothetical),Cu + CeO2 + 0.5 O2 -> CuCeO3,,"ERROR: Thermo-Calc calculation error: se.thermocalc.core.CalculationEngineException: The element CE is not in the database, it contains only the following elements: [/-, AL, AR, B, BA, C, CA, CO, CR, CU, F, FE, GD, H, HF, K, LA, LI, MG, MN, MO, N, NA, NB, NI, O, P, S, SI, TI, V, VA, W, Y, YB, ZR]",,,,,,,Element CE not in TCOX14
1850,1576.85,CeO2,CuCeO3,copper cerate (hypothetical),Cu + CeO2 + 0.5 O2 -> CuCeO3,,"ERROR: Thermo-Calc calculation error: se.thermocalc.core.CalculationEngineException: The element CE is not in the database, it contains only the following elements: [/-, AL, AR, B, BA, C, CA, CO, CR, CU, F, FE, GD, H, HF, K, LA, LI, MG, MN, MO, N, NA, NB, NI, O, P, S, SI, TI, V, VA, W, Y, YB, ZR]",,,,,,,Element CE not in TCOX14
1900,1626.85,CeO2,CuCeO3,copper cerate (hypothetical),Cu + CeO2 + 0.5 O2 -> CuCeO3,,"ERROR: Thermo-Calc calculation error: se.thermocalc.core.CalculationEngineException: The element CE is not in the database, it contains only the following elements: [/-, AL, AR, B, BA, C, CA, CO, CR, CU, F, FE, GD, H, HF, K, LA, LI, MG, MN, MO, N, NA, NB, NI, O, P, S, SI, TI, V, VA, W, Y, YB, ZR]",,,,,,,Element CE not in TCOX14
800,526.85,B2O3,CuB2O4,copper borate,Cu + B2O3 + 0.5 O2 -> CuB2O4,-222815.63195568934,CU2B4O7#1; CUB2O4#1; CUB8O13#1,CUB2O4#1,-222815.63195568934,-33912.572992159054,-172813.30445913016,-96858.0419010981,-96.8580419010981,
850,576.85,B2O3,CuB2O4,copper borate,Cu + B2O3 + 0.5 O2 -> CuB2O4,-224762.21477203505,CU2B4O7#1; CUB2O4#1; CUB8O13#1,CUB2O4#1,-224762.21477203508,-36899.715722671725,-184655.7645699373,-92521.22147514974,-92.52122147514974,
900,626.85,B2O3,CuB2O4,copper borate,Cu + B2O3 + 0.5 O2 -> CuB2O4,-226786.6768067056,CU2B4O7#1; CUB2O4#1; CUB8O13#1,CUB2O4#1,-226786.6768067056,-39969.02623895592,-196598.46464191502,-88210.50608409778,-88.21050608409779,
950,676.85,B2O3,CuB2O4,copper borate,Cu + B2O3 + 0.5 O2 -> CuB2O4,-228884.68395888622,CU2B4O7#1; CUB2O4#1; CUB8O13#1,CUB2O4#1,-228884.68395888622,-43116.53145504323,-208636.66243571485,-83924.53128797445,-83.92453128797445,
1000,726.85,B2O3,CuB2O4,copper borate,Cu + B2O3 + 0.5 O2 -> CuB2O4,-231052.37956718588,CU2B4O7#1; CUB2O4#1; CUB8O13#1,CUB2O4#1,-231052.37956718588,-46338.66341131481,-220766.04114120515,-79661.61402735417,-79.66161402735416,
1050,776.85,B2O3,CuB2O4,copper borate,Cu + B2O3 + 0.5 O2 -> CuB2O4,-233286.3088478558,CUB2O4#1; IONIC_LIQ#2,CUB2O4#1,-233286.3088478558,-49632.20212835616,-232982.6508510953,-75419.08826699713,-75.41908826699714,
1100,826.85,B2O3,CuB2O4,copper borate,Cu + B2O3 + 0.5 O2 -> CuB2O4,-235583.35860281967,CUB2O4#1,CUB2O4#1,-235583.3586028197,-52994.23058128006,-245282.87268568174,-71197.75313675916,-71.19775313675916,
1150,876.85,B2O3,CuB2O4,copper borate,Cu + B2O3 + 0.5 O2 -> CuB2O4,-237940.7085029702,CUB2O4#1,CUB2O4#1,-237940.7085029702,-56422.09952457435,-257663.3746140724,-66997.79849347845,-66.99779849347844,
1200,926.85,B2O3,CuB2O4,copper borate,Cu + B2O3 + 0.5 O2 -> CuB2O4,-240355.79128010868,CUB2O4#1,CUB2O4#1,-240355.7912801087,-59913.400421959326,-270121.07914274716,-62818.50533956406,-62.818505339564055,
1250,976.85,B2O3,CuB2O4,copper borate,Cu + B2O3 + 0.5 O2 -> CuB2O4,-242826.25986886132,CUB2O4#1,CUB2O4#1,-242826.25986886135,-63465.94505805945,-282653.13758733065,-58659.195065001724,-58.659195065001725,
1300,1026.85,B2O3,CuB2O4,copper borate,Cu + B2O3 + 0.5 O2 -> CuB2O4,-245349.96003714314,CU2B4O7#1; CUB2O4#1,CUB2O4#1,-245349.96003714314,-67077.64455849766,-295256.90740000026,-54519.3188180977,-54.5193188180977,
1350,1076.85,B2O3,CuB2O4,copper borate,Cu + B2O3 + 0.5 O2 -> CuB2O4,-248297.82874989815,GAS#1; IONIC_LIQ#2,,,-70746.38367789735,-307929.9322742684,-53009.00590382819,-53.00900590382819,
1400,1126.85,B2O3,CuB2O4,copper borate,Cu + B2O3 + 0.5 O2 -> CuB2O4,-251494.92258262288,GAS#1; IONIC_LIQ#2,,,-74885.75572616636,-320669.92478441016,-52500.641035510926,-52.500641035510924,
1450,1176.85,B2O3,CuB2O4,copper borate,Cu + B2O3 + 0.5 O2 -> CuB2O4,-254736.68846159094,GAS#1; IONIC_LIQ#2,,,-79154.90829742474,-333474.75137103954,-51913.0100464439,-51.9130100464439,
1500,1226.85,B2O3,CuB2O4,copper borate,Cu + B2O3 + 0.5 O2 -> CuB2O4,-258021.649970585,GAS#1; IONIC_LIQ#2,,,-83478.17103307633,-346342.4195472346,-51320.55847963202,-51.32055847963202,
1550,1276.85,B2O3,CuB2O4,copper borate,Cu + B2O3 + 0.5 O2 -> CuB2O4,-261348.435500141,GAS#1; IONIC_LIQ#2,,,-87853.73960806547,-359271.06726446614,-50723.975114004454,-50.72397511400445,
1600,1326.85,B2O3,CuB2O4,copper borate,Cu + B2O3 + 0.5 O2 -> CuB2O4,-264715.77443801734,GAS#1; IONIC_LIQ#2,,,-92279.92616727331,-372258.95443950023,-50123.975401843665,-50.123975401843666,
1650,1376.85,B2O3,CuB2O4,copper borate,Cu + B2O3 + 0.5 O2 -> CuB2O4,-268122.499961752,GAS#1; IONIC_LIQ#2,,,-96755.14839899541,-385304.45669843507,-49521.383974596625,-49.521383974596624,
1700,1426.85,B2O3,CuB2O4,copper borate,Cu + B2O3 + 0.5 O2 -> CuB2O4,-271567.5612094605,GAS#1; IONIC_LIQ#2,,,-101277.91993393125,-398406.06143899396,-48917.27407235815,-48.917274072358154,
1750,1476.85,B2O3,CuB2O4,copper borate,Cu + B2O3 + 0.5 O2 -> CuB2O4,-275050.04898797796,GAS#1; IONIC_LIQ#2,,,-105846.8418745748,-411562.36634471465,-48313.194074165775,-48.31319407416577,
1800,1526.85,B2O3,CuB2O4,copper borate,Cu + B2O3 + 0.5 O2 -> CuB2O4,-278569.2410931564,GAS#1; IONIC_LIQ#2,,,-110460.5952933756,-424772.08050325216,-47711.52449032571,-47.711524490325715,
1850,1576.85,B2O3,CuB2O4,copper borate,Cu + B2O3 + 0.5 O2 -> CuB2O4,-282124.67618095526,GAS#1; IONIC_LIQ#2,,,-115117.93456500792,-438034.02828497055,-47116.02864171588,-47.11602864171588,
1900,1626.85,B2O3,CuB2O4,copper borate,Cu + B2O3 + 0.5 O2 -> CuB2O4,-285716.26994506014,GAS#1; IONIC_LIQ#2,,,-119817.68141994256,-451347.15612763376,-46532.693813735386,-46.532693813735385,
